"Site","ID","Family","Binomial","Ndaphnia","Sex","Collector","Climate","Date","30m","60m","120m","180m","240m","nbut","Notes","weight","Condition","wing_atk","bird_div","bird_dens","bird_pc1","bird_pc2","bird_pc3","bird_pc4","death.p"
"AO","ao3","Lycaenidae","Zizina otis",10,"Male",NA,"Temperate","10/11/2023",0,0,1,1,1,2,NA,0.006,"Semi-natural",20.83333,2.913799,1578.817,-7.80139,8.411841,-14.4953,-3.54983,0.1
"AO","ao1","Lycaenidae","Zizina otis",10,"Male",NA,"Temperate","10/11/2023",0,0,0,0,0,2,NA,0.007,"Semi-natural",20.83333,2.913799,1578.817,-7.80139,8.411841,-14.4953,-3.54983,0
"AO","ao2","Lycaenidae","Zizina otis",10,"Female",NA,"Temperate","10/11/2023",0,0,0,1,4,2,NA,0.006,"Semi-natural",20.83333,2.913799,1578.817,-7.80139,8.411841,-14.4953,-3.54983,0.4
"AO","3513","Lycaenidae","Zizina otis",10,"Female","HS","Temperate","10/11/2023",0,0,0,2,3,1,NA,0.005,"Semi-natural",20.83333,2.913799,1578.817,-7.80139,8.411841,-14.4953,-3.54983,0.3
"AO","3585","Lycaenidae","Zizina otis",10,"Female","SS","Temperate","10/11/2023",2,6,7,8,8,1,"Brought from store and tested next day",0.007,"Semi-natural",20.83333,2.913799,1578.817,-7.80139,8.411841,-14.4953,-3.54983,0.8
"BBG","1070","Nymphalidae","Melanitis leda",10,"Male","MFE","Subtropical","20/09/2022",4,8,10,10,10,1,"Brought from store and tested next day",0.065,"Urban",67.30769,2.43116,3437.747,15.75022,6.998187,12.72533,21.30897,1
"BBG","1017","Lycaenidae","Zizina otis",10,"Female","SS","Subtropical","20/09/2022",0,1,6,6,6,1,NA,0.006,"Urban",67.30769,2.43116,3437.747,15.75022,6.998187,12.72533,21.30897,0.6
"BBG","2829","Lycaenidae","Nacaduba berenice",10,"Female","ZW","Subtropical","31/10/2023",0,0,0,0,1,1,NA,0.0061,"Urban",67.30769,2.43116,3437.747,15.75022,6.998187,12.72533,21.30897,0.1
"BBG","2747","Lycaenidae","Leptotes plinius",10,"Female","MEH","Subtropical","31/10/2023",7,7,9,10,10,1,"Brought from store and tested next day/written as 2447 and fixed using extraction spreadsheet",0.004,"Urban",67.30769,2.43116,3437.747,15.75022,6.998187,12.72533,21.30897,1
"BBG","bbg1","Lycaenidae","Zizina otis",10,"Male",NA,"Subtropical","20/09/2022",0,2,4,4,4,2,NA,0.007,"Urban",67.30769,2.43116,3437.747,15.75022,6.998187,12.72533,21.30897,0.4
"BBG","2737","Papilionidae","Cressida cressida",10,"Male","MEH","Subtropical","31/10/2023",0,0,1,5,5,1,NA,0.12,"Urban",67.30769,2.43116,3437.747,15.75022,6.998187,12.72533,21.30897,0.5
"BBG","1038","Hesperiidae","Ocybadistes flavovittatus",10,"Female","MFE","Subtropical","20/09/2022",0,0,1,7,7,1,NA,0.01,"Urban",67.30769,2.43116,3437.747,15.75022,6.998187,12.72533,21.30897,0.7
"BBG","2743","Lycaenidae","Theclinesthes onycha",10,"Female","MEH","Subtropical","31/10/2023",0,0,0,2,7,1,NA,0.0171,"Urban",67.30769,2.43116,3437.747,15.75022,6.998187,12.72533,21.30897,0.7
"BBG","2757","Pieridae","Catopsilia pomona",10,"Male","DS","Subtropical","31/10/2023",0,0,0,0,1,1,"was written as 2175 in the paper sheet, fixed looking at the tox_silutionspreadsheet.",0.1436,"Urban",67.30769,2.43116,3437.747,15.75022,6.998187,12.72533,21.30897,0.1
"BBG","1082","Pieridae","Catopsilia pomona",10,"Male","SS","Subtropical","20/09/2022",0,0,0,1,1,1,NA,0.117,"Urban",67.30769,2.43116,3437.747,15.75022,6.998187,12.72533,21.30897,0.1
"BBG","1049","Pieridae","Eurema hecabe",10,"Male","MFE","Subtropical","20/09/2022",3,5,8,10,10,1,"Brought from store and tested next day",0.013,"Urban",67.30769,2.43116,3437.747,15.75022,6.998187,12.72533,21.30897,1
"BBG","1056","Pieridae","Eurema smilax",10,"Female","SS","Subtropical","20/09/2022",0,0,0,0,0,1,NA,0.009,"Urban",67.30769,2.43116,3437.747,15.75022,6.998187,12.72533,21.30897,0
"BBG","LP4","Lycaenidae","Leptotes plinius",10,"Female","DS","Subtropical","31/10/2023",0,0,1,4,5,2,NA,0.006,"Urban",67.30769,2.43116,3437.747,15.75022,6.998187,12.72533,21.30897,0.5
"BBG","2775","Papilionidae","Papilio aegeus",10,"Male","HS","Subtropical","31/10/2023",7,7,7,9,10,1,NA,0.1436,"Urban",67.30769,2.43116,3437.747,15.75022,6.998187,12.72533,21.30897,1
"BBG","2776","Papilionidae","Cressida cressida",10,"Female","HS","Subtropical","31/10/2023",0,0,0,0,0,1,NA,0.138,"Urban",67.30769,2.43116,3437.747,15.75022,6.998187,12.72533,21.30897,0
"BBG","2848","Pieridae","Catopsilia pomona",10,"Female","MFE","Subtropical","31/10/2023",0,0,0,0,0,1,NA,0.0968,"Urban",67.30769,2.43116,3437.747,15.75022,6.998187,12.72533,21.30897,0
"BBG","2740","Lycaenidae","Nacaduba berenice",10,"Male","MEH","Subtropical","31/10/2023",0,0,4,6,6,1,"scales in liquid",0.0055,"Urban",67.30769,2.43116,3437.747,15.75022,6.998187,12.72533,21.30897,0.6
"BBG","1067","Pieridae","Catopsilia pomona",10,"Female","MFE","Subtropical","20/09/2022",0,0,0,2,2,1,NA,0.165,"Urban",67.30769,2.43116,3437.747,15.75022,6.998187,12.72533,21.30897,0.2
"BBG","2750","Lycaenidae","Leptotes plinius",10,"Male","MEH","Subtropical","31/10/2023",0,3,4,5,5,1,NA,0.004,"Urban",67.30769,2.43116,3437.747,15.75022,6.998187,12.72533,21.30897,0.5
"BBG","1040","Lycaenidae","Zizina otis",10,"Female","MFE","Subtropical","20/09/2022",0,0,0,0,0,1,NA,0.007,"Urban",67.30769,2.43116,3437.747,15.75022,6.998187,12.72533,21.30897,0
"BBG","2761","Lycaenidae","Theclinesthes onycha",10,"Female","DS","Subtropical","31/10/2023",0,0,0,0,0,1,NA,0.01453,"Urban",67.30769,2.43116,3437.747,15.75022,6.998187,12.72533,21.30897,0
"BBG","2800","Lycaenidae","Nacaduba berenice",10,"Male","HS","Subtropical","31/10/2023",0,2,2,4,4,1,"scales in liquid",0.004,"Urban",67.30769,2.43116,3437.747,15.75022,6.998187,12.72533,21.30897,0.4
"BBG","1015","Lycaenidae","Lampides boeticus",10,"Female","SS","Subtropical","20/09/2022",0,0,4,7,7,1,NA,0.011,"Urban",67.30769,2.43116,3437.747,15.75022,6.998187,12.72533,21.30897,0.7
"BBG","1025","Pieridae","Eurema smilax",10,"Female","MFE","Subtropical","20/09/2022",0,0,0,2,5,1,NA,0.005,"Urban",67.30769,2.43116,3437.747,15.75022,6.998187,12.72533,21.30897,0.5
"BBG","1032","Nymphalidae","Junonia villida",10,"Female","CI","Subtropical","20/09/2022",1,1,1,2,4,1,"Brought from store and tested next day",0.035,"Urban",67.30769,2.43116,3437.747,15.75022,6.998187,12.72533,21.30897,0.4
"BBG","1041","Lycaenidae","Lampides boeticus",10,"Male","CI","Subtropical","20/09/2022",3,6,7,7,7,1,"only small ones died",0.013,"Urban",67.30769,2.43116,3437.747,15.75022,6.998187,12.72533,21.30897,0.7
"BBG","2774","Papilionidae","Papilio aegeus",10,"Male","HS","Subtropical","31/10/2023",0,0,1,2,2,1,NA,0.1751,"Urban",67.30769,2.43116,3437.747,15.75022,6.998187,12.72533,21.30897,0.2
"BBG","2846","Pieridae","Cepora perimale",10,"Female","MFE","Subtropical","31/10/2023",1,1,2,2,5,1,"weird clumbs in liquid",0.021,"Urban",67.30769,2.43116,3437.747,15.75022,6.998187,12.72533,21.30897,0.5
"BBG","2783","Pieridae","Pieris rapae",10,"Male","HS","Subtropical","31/10/2023",0,0,0,0,0,1,NA,0.029,"Urban",67.30769,2.43116,3437.747,15.75022,6.998187,12.72533,21.30897,0
"BBG","2857","Lycaenidae","Theclinesthes onycha",10,"Female","MFE","Subtropical","31/10/2023",0,0,2,2,3,1,NA,0.012,"Urban",67.30769,2.43116,3437.747,15.75022,6.998187,12.72533,21.30897,0.3
"BBG","1076","Pieridae","Catopsilia pomona",10,"Male","SS","Subtropical","20/09/2022",0,3,6,7,7,1,NA,0.1234,"Urban",67.30769,2.43116,3437.747,15.75022,6.998187,12.72533,21.30897,0.7
"BBG","2755","Papilionidae","Papilio aegeus",10,"Female","DS","Subtropical","31/10/2023",0,0,0,0,0,1,NA,0.2752,"Urban",67.30769,2.43116,3437.747,15.75022,6.998187,12.72533,21.30897,0
"BBG","2801","Lycaenidae","Leptotes plinius",10,"Female","HS","Subtropical","31/10/2023",0,2,6,8,8,1,"All & only small dead",0.006,"Urban",67.30769,2.43116,3437.747,15.75022,6.998187,12.72533,21.30897,0.8
"BBG","LP3","Lycaenidae","Leptotes plinius",10,"Male","ZW","Subtropical","31/10/2023",0,0,4,5,9,2,NA,0.006,"Urban",67.30769,2.43116,3437.747,15.75022,6.998187,12.72533,21.30897,0.9
"BBG","1024","Lycaenidae","Lampides boeticus",10,"Male","MFE","Subtropical","20/09/2022",0,5,7,7,8,1,NA,0.0113,"Urban",67.30769,2.43116,3437.747,15.75022,6.998187,12.72533,21.30897,0.8
"BBG","2778","Papilionidae","Graphium choredon",10,"Male","HS","Subtropical","31/10/2023",0,0,0,1,2,1,NA,0.106,"Urban",67.30769,2.43116,3437.747,15.75022,6.998187,12.72533,21.30897,0.2
"BBG","2779","Pieridae","Catopsilia pomona",10,"Female","HS","Subtropical","31/10/2023",0,0,0,0,0,1,NA,0.2138,"Urban",67.30769,2.43116,3437.747,15.75022,6.998187,12.72533,21.30897,0
"BBG","996","Lycaenidae","Zizina otis",10,"Female","HS","Subtropical","20/09/2022",0,0,2,3,3,1,NA,0.007,"Urban",67.30769,2.43116,3437.747,15.75022,6.998187,12.72533,21.30897,0.3
"BBG","998","Lycaenidae","Zizina otis",10,"Male","HS","Subtropical","20/09/2022",0,0,5,7,8,1,NA,0.006,"Urban",67.30769,2.43116,3437.747,15.75022,6.998187,12.72533,21.30897,0.8
"BBG","LP2","Lycaenidae","Leptotes plinius",10,"Male","ZW","Subtropical","31/10/2023",0,0,1,3,5,2,"scales in liquid",0.005,"Urban",67.30769,2.43116,3437.747,15.75022,6.998187,12.72533,21.30897,0.5
"BBG","2773","Papilionidae","Papilio aegeus",10,"Male","HS","Subtropical","31/10/2023",0,0,0,2,2,1,NA,0.128,"Urban",67.30769,2.43116,3437.747,15.75022,6.998187,12.72533,21.30897,0.2
"BBG","2811","Lycaenidae","Leptotes plinius",10,"Female","HS","Subtropical","31/10/2023",0,0,3,3,3,1,NA,0.005,"Urban",67.30769,2.43116,3437.747,15.75022,6.998187,12.72533,21.30897,0.3
"BBG","994","Pieridae","Eurema smilax",10,"Female","SS","Subtropical","20/09/2022",0,0,2,2,2,1,NA,0.006,"Urban",67.30769,2.43116,3437.747,15.75022,6.998187,12.72533,21.30897,0.2
"BBG","2831","Lycaenidae","Theclinesthes onycha",10,"Female","ZW","Subtropical","31/10/2023",0,0,3,3,3,1,"scales in liquid",0.01,"Urban",67.30769,2.43116,3437.747,15.75022,6.998187,12.72533,21.30897,0.3
"BBG","1036","Lycaenidae","Lampides boeticus",10,"Male","CI","Subtropical","20/09/2022",0,0,0,0,0,1,NA,0.009,"Urban",67.30769,2.43116,3437.747,15.75022,6.998187,12.72533,21.30897,0
"BBG","983","Pieridae","Eurema smilax",10,"Female","HS","Subtropical","20/09/2022",0,0,0,0,0,1,NA,0.0097,"Urban",67.30769,2.43116,3437.747,15.75022,6.998187,12.72533,21.30897,0
"BBG","2777","Papilionidae","Graphium choredon",11,"Male","HS","Subtropical","31/10/2023",0,0,1,1,4,1,NA,0.087,"Urban",67.30769,2.43116,3437.747,15.75022,6.998187,12.72533,21.30897,0.363636363636364
"BG","12","Nymphalidae","Danaus affinis",10,"Female","MFE","Tropical","16/07/2022",1,2,5,7,8,1,"Brought from store and tested next day",0.058,"Urban",71.25,2.972002,2317.296,-15.8949,3.869368,-4.46082,4.65995,0.8
"BG","20","Nymphalidae","Cethosia cydippe",10,"Female","SP","Tropical","16/07/2022",0,0,0,2,3,1,"and 1 baby",0.087,"Urban",71.25,2.972002,2317.296,-15.8949,3.869368,-4.46082,4.65995,0.3
"BG","36","Nymphalidae","Danaus affinis",10,"Male","HS","Tropical","16/07/2022",0,0,3,4,4,1,NA,0.038,"Urban",71.25,2.972002,2317.296,-15.8949,3.869368,-4.46082,4.65995,0.4
"BG","53","Nymphalidae","Euploea tulliolus",10,"Female","LH","Tropical","17/07/2022",0,0,0,0,0,1,NA,0.066,"Urban",71.25,2.972002,2317.296,-15.8949,3.869368,-4.46082,4.65995,0
"BG","61","Nymphalidae","Cethosia cydippe",10,"Male","LH","Tropical","17/07/2022",0,0,0,1,1,1,NA,0.041,"Urban",71.25,2.972002,2317.296,-15.8949,3.869368,-4.46082,4.65995,0.1
"BG","28","Nymphalidae","Danaus affinis",10,"Male","HS","Tropical","16/07/2022",2,5,5,6,7,1,NA,0.0593,"Urban",71.25,2.972002,2317.296,-15.8949,3.869368,-4.46082,4.65995,0.7
"BG","bg3","Lycaenidae","Zizina otis",10,"Male",NA,"Tropical","17/07/2022",0,0,3,5,5,2,NA,0.005,"Urban",71.25,2.972002,2317.296,-15.8949,3.869368,-4.46082,4.65995,0.5
"BG","1868","Hesperiidae","Cephrenes augiades",10,"Female","JM","Tropical","30/06/2023",0,0,0,0,0,1,"baby in not accounted for",0.029,"Urban",71.25,2.972002,2317.296,-15.8949,3.869368,-4.46082,4.65995,0
"BG","55","Pieridae","Delias mysis",10,"Male","HS","Tropical","17/07/2022",0,0,0,0,0,1,NA,0.042,"Urban",71.25,2.972002,2317.296,-15.8949,3.869368,-4.46082,4.65995,0
"BG","18","Lycaenidae","Hypolycaena phorbas",10,"Female","MFE","Tropical","16/07/2022",0,0,1,2,5,1,NA,0.008,"Urban",71.25,2.972002,2317.296,-15.8949,3.869368,-4.46082,4.65995,0.5
"BG","1912","Hesperiidae","Cephrenes augiades",10,"Female","MFE","Tropical","30/06/2023",0,0,0,0,1,1,NA,0.041,"Urban",71.25,2.972002,2317.296,-15.8949,3.869368,-4.46082,4.65995,0.1
"BG","bg4","Lycaenidae","Zizina otis",10,"Male",NA,"Tropical","17/07/2022",0,0,10,10,10,2,NA,0.006,"Urban",71.25,2.972002,2317.296,-15.8949,3.869368,-4.46082,4.65995,1
"BG","65","Pieridae","Delias nigrina",10,"Male","LH","Tropical","17/07/2022",0,0,0,0,0,1,NA,0.0334,"Urban",71.25,2.972002,2317.296,-15.8949,3.869368,-4.46082,4.65995,0
"BG","47","Lycaenidae","Arhopala micale",10,"Female","MEH","Tropical","16/07/2022",0,0,1,4,6,1,NA,0.0392,"Urban",71.25,2.972002,2317.296,-15.8949,3.869368,-4.46082,4.65995,0.6
"BG","11","Nymphalidae","Danaus affinis",10,"Male","MFE","Tropical","16/07/2022",0,0,10,10,10,1,NA,0.052,"Urban",71.25,2.972002,2317.296,-15.8949,3.869368,-4.46082,4.65995,1
"BG","14","Lycaenidae","Nacaduba cyanea",10,"Female","MFE","Tropical","16/07/2022",0,0,1,4,4,1,NA,0.012,"Urban",71.25,2.972002,2317.296,-15.8949,3.869368,-4.46082,4.65995,0.4
"BG","4","Hesperiidae","Notocrypta waigensis",10,"Female","MFE","Tropical","16/07/2022",0,0,0,0,0,1,NA,0.029,"Urban",71.25,2.972002,2317.296,-15.8949,3.869368,-4.46082,4.65995,0
"BG","1884","Lycaenidae","Nacaduba cyanea",10,"Male","CI","Tropical","30/06/2023",0,0,1,1,1,1,NA,0.008,"Urban",71.25,2.972002,2317.296,-15.8949,3.869368,-4.46082,4.65995,0.1
"BG","6","Lycaenidae","Hypolycaena phorbas",10,"Female","MFE","Tropical","16/07/2022",0,1,1,4,5,1,NA,0.017,"Urban",71.25,2.972002,2317.296,-15.8949,3.869368,-4.46082,4.65995,0.5
"BG","79","Lycaenidae","Hypolycaena phorbas",10,"Male","LH","Tropical","17/07/2022",0,0,3,4,4,1,NA,0.019,"Urban",71.25,2.972002,2317.296,-15.8949,3.869368,-4.46082,4.65995,0.4
"BG","23","Lycaenidae","Nacaduba cyanea",10,"Male","MFE","Tropical","16/07/2022",0,0,2,2,2,1,NA,0.007,"Urban",71.25,2.972002,2317.296,-15.8949,3.869368,-4.46082,4.65995,0.2
"BG","1857","Hesperiidae","Notocrypta waigensis",10,"Male","MEH","Tropical","30/06/2023",0,0,0,0,0,1,NA,0.021,"Urban",71.25,2.972002,2317.296,-15.8949,3.869368,-4.46082,4.65995,0
"BG","30","Nymphalidae","Mycalesis terminus",10,"Female","HS","Tropical","16/07/2022",0,0,0,2,3,1,"Brought from store and tested next day",0.009,"Urban",71.25,2.972002,2317.296,-15.8949,3.869368,-4.46082,4.65995,0.3
"BG","38","Pieridae","Cepora perimale",10,"Male","HS","Tropical","16/07/2022",0,0,0,0,0,1,NA,0.027,"Urban",71.25,2.972002,2317.296,-15.8949,3.869368,-4.46082,4.65995,0
"BG","21","Nymphalidae","Cethosia cydippe",10,"Male","MFE","Tropical","16/07/2022",0,0,3,6,6,1,NA,0.036,"Urban",71.25,2.972002,2317.296,-15.8949,3.869368,-4.46082,4.65995,0.6
"BG","1916","Hesperiidae","Sabera caesina",10,"Male","MFE","Tropical","30/06/2023",0,0,0,3,3,1,NA,0.025,"Urban",71.25,2.972002,2317.296,-15.8949,3.869368,-4.46082,4.65995,0.3
"BG","1881","Pieridae","Delias mysis",10,"Male","JM","Tropical","30/06/2023",0,0,0,0,0,1,NA,0.064,"Urban",71.25,2.972002,2317.296,-15.8949,3.869368,-4.46082,4.65995,0
"BG","bg2","Lycaenidae","Zizina otis",10,"Male",NA,"Tropical","17/07/2022",0,0,0,1,2,2,NA,0.005,"Urban",71.25,2.972002,2317.296,-15.8949,3.869368,-4.46082,4.65995,0.2
"BG","1920","Hesperiidae","Sabera caesina",10,"Male","MFE","Tropical","30/06/2023",0,0,0,0,0,1,NA,0.019,"Urban",71.25,2.972002,2317.296,-15.8949,3.869368,-4.46082,4.65995,0
"BG","1919","Hesperiidae","Sabera caesina",10,"Male","MFE","Tropical","30/06/2023",0,0,1,2,2,1,NA,0.024,"Urban",71.25,2.972002,2317.296,-15.8949,3.869368,-4.46082,4.65995,0.2
"BG","1873","Nymphalidae","Danaus affinis",10,"Male","JM","Tropical","30/06/2023",0,0,0,1,2,1,NA,0.04,"Urban",71.25,2.972002,2317.296,-15.8949,3.869368,-4.46082,4.65995,0.2
"BG","bg1","Lycaenidae","Zizina otis",10,"Male",NA,"Tropical","17/07/2022",0,0,0,1,3,2,NA,0.005,"Urban",71.25,2.972002,2317.296,-15.8949,3.869368,-4.46082,4.65995,0.3
"BG","71","Pieridae","Delias mysis",10,"Male","HS","Tropical","17/07/2022",0,1,3,4,5,1,NA,0.023,"Urban",71.25,2.972002,2317.296,-15.8949,3.869368,-4.46082,4.65995,0.5
"CC","1498","Nymphalidae","Hypocysta metirius",10,"Male","HS","Subtropical","24/09/2022",0,0,3,3,4,1,NA,0.0119,"Urban",60.96096,3.005244,5576.789,9.006521,29.96099,32.43751,-16.4626,0.4
"CC","1263","Hesperiidae","Sabera fuliginosa",10,"Male","SS","Subtropical","24/09/2022",0,1,1,2,2,1,NA,0.032,"Urban",60.96096,3.005244,5576.789,9.006521,29.96099,32.43751,-16.4626,0.2
"CC","3235","Lycaenidae","Theclinesthes onycha",10,"Male","HS","Subtropical","03/11/2023",0,2,4,5,7,1,NA,0.0087,"Urban",60.96096,3.005244,5576.789,9.006521,29.96099,32.43751,-16.4626,0.7
"CC","3319","Hesperiidae","Toxidia peron",10,"Female","LO + KL","Subtropical","03/11/2023",0,0,0,0,0,1,NA,0.056,"Urban",60.96096,3.005244,5576.789,9.006521,29.96099,32.43751,-16.4626,0
"CC","1331","Nymphalidae","Hypocysta metirius",10,"Female","MEH","Subtropical","24/09/2022",0,1,3,5,5,1,NA,0.007,"Urban",60.96096,3.005244,5576.789,9.006521,29.96099,32.43751,-16.4626,0.5
"CC","1321","Hesperiidae","Sabera fuliginosa",10,"Male","MEH","Subtropical","24/09/2022",0,0,0,1,2,1,NA,0.031,"Urban",60.96096,3.005244,5576.789,9.006521,29.96099,32.43751,-16.4626,0.2
"CC","1315","Pieridae","Belenois java",10,"Male","HS","Subtropical","24/09/2022",0,2,7,8,8,1,"All & only small dead",0.076,"Urban",60.96096,3.005244,5576.789,9.006521,29.96099,32.43751,-16.4626,0.8
"CC","1443","Nymphalidae","Hypocysta metirius",10,"Male","MFE","Subtropical","24/09/2022",0,0,0,2,2,1,NA,0.011,"Urban",60.96096,3.005244,5576.789,9.006521,29.96099,32.43751,-16.4626,0.2
"CC","3342","Hesperiidae","Toxidia peron",10,"Female","KL","Subtropical","04/11/2023",0,0,2,2,2,1,"Brought from store and tested next day",0.018,"Urban",60.96096,3.005244,5576.789,9.006521,29.96099,32.43751,-16.4626,0.2
"CC","3232","Lycaenidae","Zizina otis",10,"Male","HS","Subtropical","03/11/2023",0,0,0,3,4,1,NA,0.005,"Urban",60.96096,3.005244,5576.789,9.006521,29.96099,32.43751,-16.4626,0.4
"CC","1290","Pieridae","Eurema smilax",10,"Female","HS","Subtropical","24/09/2022",0,0,0,0,0,1,NA,0.0082,"Urban",60.96096,3.005244,5576.789,9.006521,29.96099,32.43751,-16.4626,0
"CC","1350","Pieridae","Belenois java",10,"Female","HS","Subtropical","24/09/2022",0,0,0,2,2,1,NA,0.107,"Urban",60.96096,3.005244,5576.789,9.006521,29.96099,32.43751,-16.4626,0.2
"CC","1281","Pieridae","Belenois java",10,"Male","HS","Subtropical","24/09/2022",0,0,0,0,0,1,NA,0.062,"Urban",60.96096,3.005244,5576.789,9.006521,29.96099,32.43751,-16.4626,0
"CC","CC1","Lycaenidae","Zizina otis",10,"Male",NA,"Subtropical","3/11/2023",0,0,1,1,2,2,NA,0.008,"Urban",60.96096,3.005244,5576.789,9.006521,29.96099,32.43751,-16.4626,0.2
"CC","zhf3","Lycaenidae","Zizula hylax",10,"Female",NA,"Subtropical","3/11/2023",2,2,5,7,7,4,NA,0.006,"Urban",60.96096,3.005244,5576.789,9.006521,29.96099,32.43751,-16.4626,0.7
"CC","1299","Lycaenidae","Candalides absimilis",10,"Female","HS","Subtropical","24/09/2022",2,2,2,2,2,1,NA,0.006,"Urban",60.96096,3.005244,5576.789,9.006521,29.96099,32.43751,-16.4626,0.2
"CC","1302","Pieridae","Delias nigrina",10,"Male","HS","Subtropical","24/09/2022",0,0,0,0,0,1,NA,0.049,"Urban",60.96096,3.005244,5576.789,9.006521,29.96099,32.43751,-16.4626,0
"CC","3219","Nymphalidae","Euploea corinna",10,"Male","HS","Subtropical","03/11/2023",0,0,0,2,2,1,NA,0.171,"Urban",60.96096,3.005244,5576.789,9.006521,29.96099,32.43751,-16.4626,0.2
"CC","3225","Hesperiidae","Trapezites symmomus",10,"Female","HS","Subtropical","03/11/2023",0,0,0,0,0,1,NA,0.093,"Urban",60.96096,3.005244,5576.789,9.006521,29.96099,32.43751,-16.4626,0
"CC","3231","Lycaenidae","Leptotes plinius",10,"Female","HS","Subtropical","03/11/2023",1,3,10,10,10,1,NA,0.004,"Urban",60.96096,3.005244,5576.789,9.006521,29.96099,32.43751,-16.4626,1
"CC","3124","Nymphalidae","Euploea corinna",10,"Male","DS","Subtropical","03/11/2023",0,0,0,0,0,1,"Diogo did the last 2 checks and he found no dead ones original numbers: 0,2,5,0,0. However Upon inspection 5 minutes after we saw there were 4 dead, so I corrected the values to the likely scenario",0.2126,"Urban",60.96096,3.005244,5576.789,9.006521,29.96099,32.43751,-16.4626,0
"CC","1482","Pieridae","Delias nigrina",10,"Male","HS","Subtropical","24/09/2022",0,0,0,0,0,1,NA,0.056,"Urban",60.96096,3.005244,5576.789,9.006521,29.96099,32.43751,-16.4626,0
"CC","3168","Nymphalidae","Hypocysta metirius",10,"Male","MFE","Subtropical","03/11/2023",0,0,2,4,5,1,"Brought from store and tested next day",0.007,"Urban",60.96096,3.005244,5576.789,9.006521,29.96099,32.43751,-16.4626,0.5
"CC","1385","Nymphalidae","Melanitis leda",10,"Female","SS","Subtropical","24/09/2022",0,0,0,0,0,1,"Brought from store and tested next day",0.057,"Urban",60.96096,3.005244,5576.789,9.006521,29.96099,32.43751,-16.4626,0
"CC","1439","Pieridae","Eurema smilax",10,"Male","MFE","Subtropical","24/09/2022",0,0,0,4,4,1,"scales in liquid",0.004,"Urban",60.96096,3.005244,5576.789,9.006521,29.96099,32.43751,-16.4626,0.4
"CC","3226","Hesperiidae","Ocybadistes walkeri",10,"Female","HS","Subtropical","03/11/2023",0,0,2,3,3,1,NA,0.011,"Urban",60.96096,3.005244,5576.789,9.006521,29.96099,32.43751,-16.4626,0.3
"CC","1441","Nymphalidae","Hypocysta metirius",10,"Male","MFE","Subtropical","24/09/2022",0,0,1,2,2,1,NA,0.007,"Urban",60.96096,3.005244,5576.789,9.006521,29.96099,32.43751,-16.4626,0.2
"CC","3122","Nymphalidae","Melanitis leda",10,"Female","DS","Subtropical","03/11/2023",0,0,0,0,0,1,NA,0.089,"Urban",60.96096,3.005244,5576.789,9.006521,29.96099,32.43751,-16.4626,0
"CC","1358","Nymphalidae","Hypolimnas bolina",10,"Male","CI","Subtropical","24/09/2022",1,1,2,2,2,1,NA,0.12,"Urban",60.96096,3.005244,5576.789,9.006521,29.96099,32.43751,-16.4626,0.2
"CC","1469","Nymphalidae","Hypocysta metirius",10,"Male","SS","Subtropical","24/09/2022",0,0,0,1,4,1,NA,0.011,"Urban",60.96096,3.005244,5576.789,9.006521,29.96099,32.43751,-16.4626,0.4
"CC","1368","Nymphalidae","Euploea corinna",10,"Female","MEH","Subtropical","24/09/2022",0,0,6,6,6,1,NA,0.1986,"Urban",60.96096,3.005244,5576.789,9.006521,29.96099,32.43751,-16.4626,0.6
"CC","CC4","Lycaenidae","Zizina otis",10,"Male",NA,"Subtropical","3/11/2023",0,0,5,5,5,2,NA,0.008,"Urban",60.96096,3.005244,5576.789,9.006521,29.96099,32.43751,-16.4626,0.5
"CC","1391","Papilionidae","Papilio aegeus",10,"Male","HS","Subtropical","24/09/2022",0,0,0,0,0,1,NA,0.1258,"Urban",60.96096,3.005244,5576.789,9.006521,29.96099,32.43751,-16.4626,0
"CC","1404","Pieridae","Eurema smilax",10,"Male","CI","Subtropical","24/09/2022",0,0,0,4,4,1,NA,0.006,"Urban",60.96096,3.005244,5576.789,9.006521,29.96099,32.43751,-16.4626,0.4
"CC","CC2","Lycaenidae","Zizina otis",10,"Male",NA,"Subtropical","3/11/2023",0,0,0,2,2,2,NA,0.007,"Urban",60.96096,3.005244,5576.789,9.006521,29.96099,32.43751,-16.4626,0.2
"CC","3433","Hesperiidae","Toxidia peron",10,"Male","MFE","Subtropical","04/11/2023",0,0,3,3,4,1,NA,0.026,"Urban",60.96096,3.005244,5576.789,9.006521,29.96099,32.43751,-16.4626,0.4
"CC","3134","Hesperiidae","Toxidia peron",10,"Male","DS","Subtropical","03/11/2023",0,0,0,0,1,1,NA,0.0287,"Urban",60.96096,3.005244,5576.789,9.006521,29.96099,32.43751,-16.4626,0.1
"CC","CC3","Lycaenidae","Zizina otis",10,"Male",NA,"Subtropical","1/11/2023",0,0,5,6,7,2,NA,0.006,"Urban",60.96096,3.005244,5576.789,9.006521,29.96099,32.43751,-16.4626,0.7
"CC","3142","Lycaenidae","Theclinesthes onycha",10,"Male","DS","Subtropical","03/11/2023",2,5,6,7,8,1,NA,0.0094,"Urban",60.96096,3.005244,5576.789,9.006521,29.96099,32.43751,-16.4626,0.8
"CC","1408","Hesperiidae","Sabera fuliginosa",10,"Male","SS","Subtropical","24/09/2022",0,0,0,0,0,1,NA,0.033,"Urban",60.96096,3.005244,5576.789,9.006521,29.96099,32.43751,-16.4626,0
"CC","3437","Nymphalidae","Melanitis leda",10,"Female","MFE","Subtropical","04/11/2023",0,0,0,0,1,1,NA,0.146,"Urban",60.96096,3.005244,5576.789,9.006521,29.96099,32.43751,-16.4626,0.1
"CC","1417","Pieridae","Eurema smilax",10,"Male","SS","Subtropical","24/09/2022",0,0,1,3,3,1,NA,0.009,"Urban",60.96096,3.005244,5576.789,9.006521,29.96099,32.43751,-16.4626,0.3
"CC","1397","Nymphalidae","Hypocysta metirius",10,"Male","MEH","Subtropical","24/09/2022",0,0,0,1,1,1,NA,0.011,"Urban",60.96096,3.005244,5576.789,9.006521,29.96099,32.43751,-16.4626,0.1
"CC","3371","Nymphalidae","Euploea corinna",10,"Male","LO","Subtropical","04/11/2023",0,0,4,5,5,1,NA,0.208,"Urban",60.96096,3.005244,5576.789,9.006521,29.96099,32.43751,-16.4626,0.5
"CC","LP5","Lycaenidae","Leptotes plinius",10,"Male","LO","Subtropical","4/11/2023",0,0,1,2,3,2,NA,0.005,"Urban",60.96096,3.005244,5576.789,9.006521,29.96099,32.43751,-16.4626,0.3
"CC","3140","Lycaenidae","Nacaduba berenice",10,"Female","DS","Subtropical","03/11/2023",0,0,2,2,2,1,"scales in liquid",0.004,"Urban",60.96096,3.005244,5576.789,9.006521,29.96099,32.43751,-16.4626,0.2
"CC","3139","Lycaenidae","Theclinesthes onycha",10,"Female","DS","Subtropical","03/11/2023",0,0,4,7,7,1,NA,0.015,"Urban",60.96096,3.005244,5576.789,9.006521,29.96099,32.43751,-16.4626,0.7
"CC","3435","Nymphalidae","Melanitis leda",10,"Female","MFE","Subtropical","04/11/2023",0,0,1,1,1,1,NA,0.084,"Urban",60.96096,3.005244,5576.789,9.006521,29.96099,32.43751,-16.4626,0.1
"CC","3141","Lycaenidae","Theclinesthes onycha",10,"Male","DS","Subtropical","03/12/2023",6,8,10,10,10,1,"Brought from store and tested next day/written as 2141, used extraction sheet to fix",0.007,"Urban",60.96096,3.005244,5576.789,9.006521,29.96099,32.43751,-16.4626,1
"Cooktown","cc1","Papilionidae","Cressida cressida",10,"Male","LO","Tropical","28/11/2023",0,0,0,0,0,1,NA,0.114,NA,NA,NA,NA,NA,NA,NA,NA,0
"Cooktown","cc2","Papilionidae","Cressida cressida",10,"Male","LO","Tropical","28/11/2023",0,0,0,0,0,1,"baby in not accounted for",0.198,NA,NA,NA,NA,NA,NA,NA,NA,0
"Cooktown","np1","Nymphalidae","Tellervo zoilus ",10,"Male","LO","Tropical","28/11/2023",1,1,7,7,7,1,NA,0.009,NA,NA,NA,NA,NA,NA,NA,NA,0.7
"Cooktown","np2","Nymphalidae","Tellervo zoilus ",10,"Male","LO","Tropical","28/11/2023",0,0,3,3,4,1,NA,0.022,NA,NA,NA,NA,NA,NA,NA,NA,0.4
"Cooktown","np3","Nymphalidae","Tellervo zoilus ",10,"Male","LO","Tropical","28/11/2023",0,0,4,6,6,1,NA,0.015,NA,NA,NA,NA,NA,NA,NA,NA,0.6
"Cooktown","ps1","Nymphalidae","Pantoporia venilia",10,"Female","LO","Tropical","28/11/2023",0,0,0,0,0,1,NA,0.016,NA,NA,NA,NA,NA,NA,NA,NA,0
"Cooktown","ps2","Nymphalidae","Pantoporia venilia",10,"Male","LO","Tropical","28/11/2023",0,0,0,0,0,1,NA,0.014,NA,NA,NA,NA,NA,NA,NA,NA,0
"Cooktown","bw1","Nymphalidae","Pantoporia venilia",10,"Female","LO","Tropical","28/11/2023",2,2,10,10,10,1,NA,0.024,NA,NA,NA,NA,NA,NA,NA,NA,1
"Cooktown","cc3","Papilionidae","Cressida cressida",10,"Female","LO","Tropical","28/11/2023",0,0,0,0,0,1,NA,0.136,NA,NA,NA,NA,NA,NA,NA,NA,0
"Cooktown","cc5","Papilionidae","Cressida cressida",10,"Female","LO","Tropical","28/11/2023",0,0,0,0,0,1,NA,0.153,NA,NA,NA,NA,NA,NA,NA,NA,0
"Cooktown","cc6","Papilionidae","Cressida cressida",10,"Male","LO","Tropical","28/11/2023",0,0,0,0,0,1,NA,0.278,NA,NA,NA,NA,NA,NA,NA,NA,0
"Cooktown","cet1","Nymphalidae","Cethosia cydippe",10,"Male","LO","Tropical","28/11/2023",0,0,0,1,4,1,"gave birth",0.14,NA,NA,NA,NA,NA,NA,NA,NA,0.4
"Cooktown","np5","Nymphalidae","Tellervo zoilus ",10,"Male","LO","Tropical","28/11/2023",0,2,8,8,9,1,NA,0.013,NA,NA,NA,NA,NA,NA,NA,NA,0.9
"Cooktown","np4","Nymphalidae","Tellervo zoilus ",10,"Male","LO","Tropical","28/11/2023",0,5,7,7,8,1,NA,0.021,NA,NA,NA,NA,NA,NA,NA,NA,0.8
"GP","2298","Nymphalidae","Cupha prosope",10,"Male","CI","Tropical","02/07/2023",0,0,7,9,9,1,NA,0.022,"Urban",86.30137,3.105809,3972.507,-26.1364,-7.17129,5.782377,4.049242,0.9
"GP","724","Nymphalidae","Pantoporia consimilis",10,"Female","LH","Tropical","20/07/2022",0,10,10,10,10,1,"Brought from store and tested next day",0.011,"Urban",86.30137,3.105809,3972.507,-26.1364,-7.17129,5.782377,4.049242,1
"GP","737","Hesperiidae","Pelopidas agna",10,"Male","SS","Tropical","21/07/2022",0,0,5,7,8,1,NA,0.035,"Urban",86.30137,3.105809,3972.507,-26.1364,-7.17129,5.782377,4.049242,0.8
"GP","684","Nymphalidae","Pantoporia consimilis",10,"Female","LH","Tropical","20/07/2022",0,0,1,1,1,1,NA,0.014,"Urban",86.30137,3.105809,3972.507,-26.1364,-7.17129,5.782377,4.049242,0.1
"GP","2231","Nymphalidae","Cupha prosope",10,"Female","HS","Tropical","02/07/2023",0,0,0,0,2,1,"many eggs layed :(",0.025,"Urban",86.30137,3.105809,3972.507,-26.1364,-7.17129,5.782377,4.049242,0.2
"GP","2708","Hesperiidae","Cephrenes augiades",10,"Female","LO","Tropical","05/07/2023",0,0,0,0,0,1,NA,0.043,"Urban",86.30137,3.105809,3972.507,-26.1364,-7.17129,5.782377,4.049242,0
"GP","2254","Hesperiidae","Suniana sunias",10,"Female","HS","Tropical","02/07/2023",0,1,1,1,1,1,NA,0.0095,"Urban",86.30137,3.105809,3972.507,-26.1364,-7.17129,5.782377,4.049242,0.1
"GP","2680","Nymphalidae","Hypolimnas bolina",10,"Male","LO","Tropical","05/07/2023",0,0,0,0,0,1,NA,0.22115,"Urban",86.30137,3.105809,3972.507,-26.1364,-7.17129,5.782377,4.049242,0
"GP","753","Nymphalidae","Melanitis leda",10,"Male","MFE","Tropical","21/07/2022",0,0,2,4,4,1,NA,0.0748,"Urban",86.30137,3.105809,3972.507,-26.1364,-7.17129,5.782377,4.049242,0.4
"GP","685","Lycaenidae","Psychonotis caelius",10,"Male","LH","Tropical","20/07/2022",0,0,6,6,7,1,"All & only small dead",0.005,"Urban",86.30137,3.105809,3972.507,-26.1364,-7.17129,5.782377,4.049242,0.7
"GP","672","Hesperiidae","Sabera caesina",10,"Female","MFE","Tropical","20/07/2022",0,0,0,3,3,1,NA,0.015,"Urban",86.30137,3.105809,3972.507,-26.1364,-7.17129,5.782377,4.049242,0.3
"GP","2309","Lycaenidae","Nacaduba cyanea",10,"Male","CI","Tropical","02/07/2023",0,0,0,0,0,1,NA,0.007,"Urban",86.30137,3.105809,3972.507,-26.1364,-7.17129,5.782377,4.049242,0
"GP","620","Nymphalidae","Cupha prosope",10,"Female","HS","Tropical","20/07/2022",0,0,2,6,8,1,NA,0.022,"Urban",86.30137,3.105809,3972.507,-26.1364,-7.17129,5.782377,4.049242,0.8
"GP","668","Pieridae","Delias mysis",10,"Male","MFE","Tropical","20/07/2022",0,0,3,3,5,1,NA,0.032,"Urban",86.30137,3.105809,3972.507,-26.1364,-7.17129,5.782377,4.049242,0.5
"GP","2678","Pieridae","Delias mysis",10,"Male","LO","Tropical","05/07/2023",1,1,1,1,1,1,NA,0.0307,"Urban",86.30137,3.105809,3972.507,-26.1364,-7.17129,5.782377,4.049242,0.1
"GP","706","Hesperiidae","Arrhenes dschilus",10,"Male","LH","Tropical","20/07/2022",0,0,0,0,0,1,NA,0.0238,"Urban",86.30137,3.105809,3972.507,-26.1364,-7.17129,5.782377,4.049242,0
"GP","2183","Hesperiidae","Pelopidas agna",10,"Male","JM","Tropical","02/07/2023",6,6,6,7,7,1,"Brought from store and tested next day",0.059,"Urban",86.30137,3.105809,3972.507,-26.1364,-7.17129,5.782377,4.049242,0.7
"GP","617","Nymphalidae","Euploea tulliolus",10,"Female","HS","Tropical","20/07/2022",0,0,3,3,6,1,NA,0.045,"Urban",86.30137,3.105809,3972.507,-26.1364,-7.17129,5.782377,4.049242,0.6
"GP","728","Nymphalidae","Pantoporia consimilis",10,"Female","LH","Tropical","21/07/2022",0,0,0,1,5,1,NA,0.011,"Urban",86.30137,3.105809,3972.507,-26.1364,-7.17129,5.782377,4.049242,0.5
"GP","623","Nymphalidae","Pantoporia consimilis",10,"Female","HS","Tropical","20/07/2022",0,0,3,3,3,1,NA,0.021,"Urban",86.30137,3.105809,3972.507,-26.1364,-7.17129,5.782377,4.049242,0.3
"GP","2193","Nymphalidae","Mycalesis perseus",10,"Female","JM","Tropical","02/07/2023",0,0,0,0,0,1,NA,0.028,"Urban",86.30137,3.105809,3972.507,-26.1364,-7.17129,5.782377,4.049242,0
"GP","2699","Hesperiidae","Suniana sunias",10,"Male","KL","Tropical","05/07/2023",0,0,0,0,0,1,NA,0.0074,"Urban",86.30137,3.105809,3972.507,-26.1364,-7.17129,5.782377,4.049242,0
"GP","670","Nymphalidae","Pantoporia consimilis",10,"Female","MFE","Tropical","20/07/2022",0,0,1,3,8,1,NA,0.008,"Urban",86.30137,3.105809,3972.507,-26.1364,-7.17129,5.782377,4.049242,0.8
"GP","674","Nymphalidae","Pantoporia consimilis",10,"Female","MFE","Tropical","20/07/2022",0,0,5,5,7,1,NA,0.018,"Urban",86.30137,3.105809,3972.507,-26.1364,-7.17129,5.782377,4.049242,0.7
"GP","2224","Nymphalidae","Pantoporia consimilis",10,"Female","HS","Tropical","02/07/2023",0,0,0,0,1,1,NA,0.0143,"Urban",86.30137,3.105809,3972.507,-26.1364,-7.17129,5.782377,4.049242,0.1
"GP","2194","Nymphalidae","Cupha prosope",10,"Female","JM","Tropical","02/07/2023",0,0,0,2,4,1,NA,0.023,"Urban",86.30137,3.105809,3972.507,-26.1364,-7.17129,5.782377,4.049242,0.4
"GP","4228","Nymphalidae","Mycalesis terminus",10,"Male","MFE","Tropical","20/07/2022",0,0,0,0,0,1,NA,0.012,"Urban",86.30137,3.105809,3972.507,-26.1364,-7.17129,5.782377,4.049242,0
"GP","740","Hesperiidae","Arrhenes dschilus",10,"Female","SS","Tropical","21/07/2022",0,0,0,0,2,1,NA,0.023,"Urban",86.30137,3.105809,3972.507,-26.1364,-7.17129,5.782377,4.049242,0.2
"GP","747","Hesperiidae","Notocrypta waigensis",10,"Male","MFE","Tropical","21/07/2022",0,0,0,0,0,1,NA,0.018,"Urban",86.30137,3.105809,3972.507,-26.1364,-7.17129,5.782377,4.049242,0
"GP","656","Nymphalidae","Cupha prosope",10,"Female","MFE","Tropical","20/07/2022",0,0,0,0,0,1,NA,0.029,"Urban",86.30137,3.105809,3972.507,-26.1364,-7.17129,5.782377,4.049242,0
"JB","3635","Lycaenidae","Candalides hyacinthinus",10,"Male","MFE","Temperate","11/11/2023",0,1,2,2,2,1,"scales in liquid",0.005,"Semi-natural",23.33333,2.793168,2953.916,5.314727,1.093285,-15.7899,-11.1201,0.2
"JB","3636","Lycaenidae","Candalides hyacinthinus",10,"Male","MFE","Temperate","11/11/2023",0,0,0,1,1,1,NA,0.007,"Semi-natural",23.33333,2.793168,2953.916,5.314727,1.093285,-15.7899,-11.1201,0.1
"JB","jb2","Lycaenidae","Zizina otis",10,"Male",NA,"Temperate","3/11/2023",0,0,0,0,0,2,NA,0.007,"Semi-natural",23.33333,2.793168,2953.916,5.314727,1.093285,-15.7899,-11.1201,0
"JB","3707","Nymphalidae","Tisiphone abeona",13,"Male","HS","Temperate","11/11/2023",0,3,3,3,3,1,"13 daphnias in, 3 small ones died",0.019,"Semi-natural",23.33333,2.793168,2953.916,5.314727,1.093285,-15.7899,-11.1201,0.230769230769231
"JB","3714","Hesperiidae","Mesodina halyzia",10,"Male","HS","Temperate","11/11/2023",0,0,0,0,0,1,NA,0.051,"Semi-natural",23.33333,2.793168,2953.916,5.314727,1.093285,-15.7899,-11.1201,0
"JB","3724","Lycaenidae","Candalides hyacinthinus",10,"Male","HS","Temperate","11/11/2023",0,0,0,0,0,1,NA,0.007,"Semi-natural",23.33333,2.793168,2953.916,5.314727,1.093285,-15.7899,-11.1201,0
"JB","3678","Nymphalidae","Tisiphone abeona",10,"Male","GW","Temperate","11/11/2023",0,0,0,0,1,1,"Brought from store and tested next day",0.026,"Semi-natural",23.33333,2.793168,2953.916,5.314727,1.093285,-15.7899,-11.1201,0.1
"JB","3644","Nymphalidae","Junonia villida",10,"Female","SS","Temperate","11/11/2023",0,1,1,1,3,1,NA,0.06,"Semi-natural",23.33333,2.793168,2953.916,5.314727,1.093285,-15.7899,-11.1201,0.3
"JB","3674","Lycaenidae","Zizina otis",10,"Female","SS","Temperate","11/11/2023",0,0,0,0,1,1,NA,0.007,"Semi-natural",23.33333,2.793168,2953.916,5.314727,1.093285,-15.7899,-11.1201,0.1
"JB","3713","Hesperiidae","Toxidia peron",10,"Female","HS","Temperate","11/11/2023",0,0,0,1,2,1,NA,0.047,"Semi-natural",23.33333,2.793168,2953.916,5.314727,1.093285,-15.7899,-11.1201,0.2
"JB","3698","Nymphalidae","Vanessa kershawi",10,"Female","PS","Temperate","11/11/2023",0,0,0,2,2,1,NA,0.022,"Semi-natural",23.33333,2.793168,2953.916,5.314727,1.093285,-15.7899,-11.1201,0.2
"JB","3725","Lycaenidae","Candalides hyacinthinus",10,"Male","HS","Temperate","11/11/2023",2,3,3,3,3,1,NA,0.005,"Semi-natural",23.33333,2.793168,2953.916,5.314727,1.093285,-15.7899,-11.1201,0.3
"JB","3630","Lycaenidae","Zizina otis",10,"Male","MFE","Temperate","11/11/2023",0,1,2,2,3,1,NA,0.007,"Semi-natural",23.33333,2.793168,2953.916,5.314727,1.093285,-15.7899,-11.1201,0.3
"JB","jb1","Lycaenidae","Zizina otis",10,"Female",NA,"Temperate","3/11/2023",0,0,1,3,6,2,NA,0.004,"Semi-natural",23.33333,2.793168,2953.916,5.314727,1.093285,-15.7899,-11.1201,0.6
"JB","3712","Hesperiidae","Mesodina halyzia",10,"Male","HS","Temperate","11/11/2023",0,0,0,1,1,1,NA,0.036,"Semi-natural",23.33333,2.793168,2953.916,5.314727,1.093285,-15.7899,-11.1201,0.1
"JB","3643","Nymphalidae","Junonia villida",10,"Female","SS","Temperate","11/11/2023",0,0,0,0,0,1,NA,0.043,"Semi-natural",23.33333,2.793168,2953.916,5.314727,1.093285,-15.7899,-11.1201,0
"JB","3621","Hesperiidae","Toxidia peron",10,"Male","MFE","Temperate","11/11/2023",0,0,0,0,0,1,NA,0.0307,"Semi-natural",23.33333,2.793168,2953.916,5.314727,1.093285,-15.7899,-11.1201,0
"JB","3701","Lycaenidae","Zizina otis",10,"Male","PS","Temperate","11/11/2023",0,0,0,0,0,1,NA,0.006,"Semi-natural",23.33333,2.793168,2953.916,5.314727,1.093285,-15.7899,-11.1201,0
"JB","3677","Nymphalidae","Tisiphone abeona",10,"Male","GW","Temperate","11/11/2023",0,0,0,0,1,1,NA,0.028,"Semi-natural",23.33333,2.793168,2953.916,5.314727,1.093285,-15.7899,-11.1201,0.1
"JB","3699","Lycaenidae","Candalides hyacinthinus",10,"Male","PS","Temperate","11/11/2023",0,0,0,0,0,1,NA,0.008,"Semi-natural",23.33333,2.793168,2953.916,5.314727,1.093285,-15.7899,-11.1201,0
"JB","3679","Nymphalidae","Tisiphone abeona",10,"Male","GW","Temperate","11/11/2023",0,0,0,0,0,1,NA,0.024,"Semi-natural",23.33333,2.793168,2953.916,5.314727,1.093285,-15.7899,-11.1201,0
"JB","3641","Hesperiidae","Toxidia peron",10,"Male","SS","Temperate","11/11/2023",0,0,0,0,0,1,NA,0.026,"Semi-natural",23.33333,2.793168,2953.916,5.314727,1.093285,-15.7899,-11.1201,0
"JB","3711","Hesperiidae","Mesodina halyzia",10,"Male","HS","Temperate","11/11/2023",0,1,3,3,3,1,NA,0.031,"Semi-natural",23.33333,2.793168,2953.916,5.314727,1.093285,-15.7899,-11.1201,0.3
"JCU","229","Nymphalidae","Pantoporia consimilis",10,"Female","SS","Tropical","16/07/2022",0,1,1,1,2,1,NA,0.008,"Semi-natural",61.23188,3.147639,3539.606,-16.5268,5.479182,-4.20414,12.88447,0.2
"JCU","234","Lycaenidae","Psychonotis caelius",10,"Female","SS","Tropical","17/07/2022",0,1,2,2,2,1,NA,0.005,"Semi-natural",61.23188,3.147639,3539.606,-16.5268,5.479182,-4.20414,12.88447,0.2
"JCU","228","Nymphalidae","Mycalesis terminus",10,"Male","SS","Tropical","16/07/2022",1,2,6,6,6,1,"tiny ones died (not all but only)",0.013,"Semi-natural",61.23188,3.147639,3539.606,-16.5268,5.479182,-4.20414,12.88447,0.6
"JCU","2289","Nymphalidae","Mycalesis terminus",10,"Female","CI","Tropical","02/07/2023",0,0,0,0,1,1,NA,0.0233,"Semi-natural",61.23188,3.147639,3539.606,-16.5268,5.479182,-4.20414,12.88447,0.1
"JCU","107","Lycaenidae","Jamides aleuas",10,"Female","LH","Tropical","16/07/2022",1,2,6,7,7,1,"All & only small dead",0.009,"Semi-natural",61.23188,3.147639,3539.606,-16.5268,5.479182,-4.20414,12.88447,0.7
"JCU","137","Nymphalidae","Mycalesis perseus",10,"Female","LH","Tropical","16/07/2022",1,1,2,2,2,1,NA,0.02,"Semi-natural",61.23188,3.147639,3539.606,-16.5268,5.479182,-4.20414,12.88447,0.2
"JCU","2115","Hesperiidae","Pelopidas agna",10,"Male","MFE","Tropical","01/07/2023",0,0,0,0,1,1,NA,0.022,"Semi-natural",61.23188,3.147639,3539.606,-16.5268,5.479182,-4.20414,12.88447,0.1
"JCU","335","Hesperiidae","Sabera caesina",10,"Female","MFE","Tropical","17/07/2022",0,1,1,2,3,1,NA,0.023,"Semi-natural",61.23188,3.147639,3539.606,-16.5268,5.479182,-4.20414,12.88447,0.3
"JCU","2095","Nymphalidae","Ypthima arctous",10,"Female","MFE","Tropical","01/07/2023",0,0,0,0,0,1,NA,0.0128,"Semi-natural",61.23188,3.147639,3539.606,-16.5268,5.479182,-4.20414,12.88447,0
"JCU","2021","Hesperiidae","Pelopidas agna",10,"Male","MEH","Tropical","01/07/2023",0,0,1,1,5,1,NA,0.0282,"Semi-natural",61.23188,3.147639,3539.606,-16.5268,5.479182,-4.20414,12.88447,0.5
"JCU","2280","Hesperiidae","Telicota ancilla",10,"Female","CI","Tropical","02/07/2023",0,0,0,0,0,1,NA,0.0298,"Semi-natural",61.23188,3.147639,3539.606,-16.5268,5.479182,-4.20414,12.88447,0
"JCU","261","Nymphalidae","Cupha prosope",10,"Female","SS","Tropical","17/07/2022",0,0,3,6,6,1,NA,0.03,"Semi-natural",61.23188,3.147639,3539.606,-16.5268,5.479182,-4.20414,12.88447,0.6
"JCU","270","Pieridae","Catopsilia pomona",10,"Female","SS","Tropical","17/07/2022",0,0,1,1,1,1,NA,0.143,"Semi-natural",61.23188,3.147639,3539.606,-16.5268,5.479182,-4.20414,12.88447,0.1
"JCU","237","Lycaenidae","Psychonotis caelius",10,"Female","SS","Tropical","17/07/2022",0,0,1,1,1,1,NA,0.004,"Semi-natural",61.23188,3.147639,3539.606,-16.5268,5.479182,-4.20414,12.88447,0.1
"JCU","127","Lycaenidae","Zizina otis",10,"Female","LH","Tropical","16/07/2022",0,0,0,0,0,1,NA,0.004,"Semi-natural",61.23188,3.147639,3539.606,-16.5268,5.479182,-4.20414,12.88447,0
"JCU","1985","Pieridae","Eurema laeta",10,"Female","HS","Tropical","01/07/2023",0,0,0,0,0,1,NA,0.012,"Semi-natural",61.23188,3.147639,3539.606,-16.5268,5.479182,-4.20414,12.88447,0
"JCU","2209","Nymphalidae","Melanitis leda",10,"Female","HS","Tropical","02/07/2023",0,0,0,0,0,1,NA,0.1706,"Semi-natural",61.23188,3.147639,3539.606,-16.5268,5.479182,-4.20414,12.88447,0
"JCU","2000","Nymphalidae","Mycalesis terminus",10,"Male","HS","Tropical","01/07/2023",0,0,0,0,1,1,NA,0.0166,"Semi-natural",61.23188,3.147639,3539.606,-16.5268,5.479182,-4.20414,12.88447,0.1
"JCU","2011","Hesperiidae","Telicota mesoptis",10,"Male","HS","Tropical","01/07/2023",0,0,2,3,4,1,NA,0.034,"Semi-natural",61.23188,3.147639,3539.606,-16.5268,5.479182,-4.20414,12.88447,0.4
"JCU","2013","Hesperiidae","Telicota mesoptis",10,"Female","HS","Tropical","01/07/2023",0,0,2,2,3,1,NA,0.023,"Semi-natural",61.23188,3.147639,3539.606,-16.5268,5.479182,-4.20414,12.88447,0.3
"JCU","336","Hesperiidae","Suniana sunias",10,"Male","MFE","Tropical","17/07/2022",0,0,0,0,2,1,NA,0.0074,"Semi-natural",61.23188,3.147639,3539.606,-16.5268,5.479182,-4.20414,12.88447,0.2
"JCU","2022","Hesperiidae","Arrhenes dschilus",10,"Female","MEH","Tropical","01/07/2023",0,0,0,0,0,1,NA,0.018,"Semi-natural",61.23188,3.147639,3539.606,-16.5268,5.479182,-4.20414,12.88447,0
"JCU","2142","Hesperiidae","Pelopidas agna",10,"Male","MEH","Tropical","02/07/2023",1,1,3,3,3,1,NA,0.039,"Semi-natural",61.23188,3.147639,3539.606,-16.5268,5.479182,-4.20414,12.88447,0.3
"JCU","2144","Hesperiidae","Suniana sunias",10,"Female","MEH","Tropical","02/07/2023",0,0,0,1,1,1,NA,0.008,"Semi-natural",61.23188,3.147639,3539.606,-16.5268,5.479182,-4.20414,12.88447,0.1
"JCU","2056","Nymphalidae","Euploea tulliolus",10,"Female","JM","Tropical","01/07/2023",0,1,2,2,2,1,NA,0.064,"Semi-natural",61.23188,3.147639,3539.606,-16.5268,5.479182,-4.20414,12.88447,0.2
"JCU","2065","Pieridae","Eurema hecabe",10,"Male","JM","Tropical","01/07/2023",0,0,0,0,0,1,NA,0.0118,"Semi-natural",61.23188,3.147639,3539.606,-16.5268,5.479182,-4.20414,12.88447,0
"JCU","2116","Hesperiidae","Pelopidas agna",10,"Male","MFE","Tropical","01/07/2023",0,1,2,2,2,1,NA,0.0366,"Semi-natural",61.23188,3.147639,3539.606,-16.5268,5.479182,-4.20414,12.88447,0.2
"JCU","2087","Hesperiidae","Telicota mesoptis",10,"Male","JM","Tropical","01/07/2023",7,6,9,10,10,1,"Brought from store and tested next day",0.02,"Semi-natural",61.23188,3.147639,3539.606,-16.5268,5.479182,-4.20414,12.88447,1
"JCU","2204","Hesperiidae","Telicota mesoptis",10,"Male","HS","Tropical","02/07/2023",0,0,0,0,0,1,NA,0.043,"Semi-natural",61.23188,3.147639,3539.606,-16.5268,5.479182,-4.20414,12.88447,0
"JCU","160","Nymphalidae","Junonia hedonia",10,"Female","LH","Tropical","16/07/2022",0,1,2,4,5,1,"All & only small dead",0.029,"Semi-natural",61.23188,3.147639,3539.606,-16.5268,5.479182,-4.20414,12.88447,0.5
"JCU","4233","Nymphalidae","Mycalesis perseus",10,"Male","MFE","Tropical","17/07/2022",0,0,1,1,2,1,NA,0.017,"Semi-natural",61.23188,3.147639,3539.606,-16.5268,5.479182,-4.20414,12.88447,0.2
"JCU","2010","Hesperiidae","Telicota mesoptis",11,"Male","HS","Tropical","01/07/2023",0,1,1,1,3,1,"11 daphnia in!",0.011,"Semi-natural",61.23188,3.147639,3539.606,-16.5268,5.479182,-4.20414,12.88447,0.272727272727273
"JCU","2129","Hesperiidae","Telicota mesoptis",10,"Male","MFE","Tropical","01/07/2023",2,4,9,9,9,1,"Brought from store and tested next day",0.023,"Semi-natural",61.23188,3.147639,3539.606,-16.5268,5.479182,-4.20414,12.88447,0.9
"JCU","2023","Hesperiidae","Arrhenes dschilus",10,"Female","MEH","Tropical","01/07/2023",0,0,0,0,0,1,NA,0.027,"Semi-natural",61.23188,3.147639,3539.606,-16.5268,5.479182,-4.20414,12.88447,0
"JCU","218","Hesperiidae","Telicota mesoptis",10,"Female","SS","Tropical","16/07/2022",0,0,0,0,1,1,NA,0.024,"Semi-natural",61.23188,3.147639,3539.606,-16.5268,5.479182,-4.20414,12.88447,0.1
"JCU","2075","Hesperiidae","Pelopidas agna",10,"Male","JM","Tropical","01/07/2023",1,3,3,4,4,1,NA,0.034,"Semi-natural",61.23188,3.147639,3539.606,-16.5268,5.479182,-4.20414,12.88447,0.4
"JCU","219","Lycaenidae","Jamides aleuas",10,"Male","SS","Tropical","16/07/2022",0,1,4,7,8,1,NA,0.006,"Semi-natural",61.23188,3.147639,3539.606,-16.5268,5.479182,-4.20414,12.88447,0.8
"JCU","216","Hesperiidae","Telicota mesoptis",10,"Female","SS","Tropical","16/07/2022",0,0,0,0,0,1,NA,0.3,"Semi-natural",61.23188,3.147639,3539.606,-16.5268,5.479182,-4.20414,12.88447,0
"JCU","263","Nymphalidae","Pantoporia consimilis",10,"Female","SS","Tropical","17/07/2022",3,4,10,10,10,1,"written as 265, fixed using envelope!",0.0121,"Semi-natural",61.23188,3.147639,3539.606,-16.5268,5.479182,-4.20414,12.88447,1
"JCU","96","Pieridae","Eurema laeta",10,"Male","LH","Tropical","16/07/2022",0,0,0,0,0,1,NA,0.006,"Semi-natural",61.23188,3.147639,3539.606,-16.5268,5.479182,-4.20414,12.88447,0
"JCU","2174","Hesperiidae","Arrhenes dschilus",10,"Male","JM","Tropical","02/07/2023",0,0,2,2,2,1,"Brought from store and tested next day",0.017,"Semi-natural",61.23188,3.147639,3539.606,-16.5268,5.479182,-4.20414,12.88447,0.2
"JCU","2179","Nymphalidae","Mycalesis perseus",10,"Female","JM","Tropical","02/07/2023",0,0,0,0,0,1,NA,0.031,"Semi-natural",61.23188,3.147639,3539.606,-16.5268,5.479182,-4.20414,12.88447,0
"JCU","2141","Hesperiidae","Telicota mesoptis",10,"Male","MFE","Tropical","01/07/2023",4,4,8,8,9,1,NA,0.0251,"Semi-natural",61.23188,3.147639,3539.606,-16.5268,5.479182,-4.20414,12.88447,0.9
"JCU","jcu1","Lycaenidae","Zizina otis",10,"Male",NA,"Tropical","1/07/2023",0,0,2,4,5,2,NA,0.005,"Semi-natural",61.23188,3.147639,3539.606,-16.5268,5.479182,-4.20414,12.88447,0.5
"JCU","jcu8","Lycaenidae","Zizina otis",10,"Male",NA,"Tropical","17/07/2022",0,0,1,1,1,2,NA,0.006,"Semi-natural",61.23188,3.147639,3539.606,-16.5268,5.479182,-4.20414,12.88447,0.1
"JCU","2207","Hesperiidae","Arrhenes dschilus",10,"Male","HS","Tropical","02/07/2023",0,0,1,1,1,1,NA,0.0157,"Semi-natural",61.23188,3.147639,3539.606,-16.5268,5.479182,-4.20414,12.88447,0.1
"JCU","2208","Hesperiidae","Pelopidas lyelli",10,"Male","HS","Tropical","02/07/2023",0,0,5,5,5,1,NA,0.0423,"Semi-natural",61.23188,3.147639,3539.606,-16.5268,5.479182,-4.20414,12.88447,0.5
"JCU","271","Hesperiidae","Sabera caesina",10,"Female","SS","Tropical","17/07/2022",0,0,0,0,1,1,"baby in not accounted for",0.025,"Semi-natural",61.23188,3.147639,3539.606,-16.5268,5.479182,-4.20414,12.88447,0.1
"JCU","2123","Hesperiidae","Suniana sunias",10,"Male","MFE","Tropical","01/07/2023",0,0,0,0,0,1,NA,0.0072,"Semi-natural",61.23188,3.147639,3539.606,-16.5268,5.479182,-4.20414,12.88447,0
"JCU","316","Lycaenidae","Jamides aleuas",10,"Male","MFE","Tropical","17/07/2022",0,0,5,6,9,1,NA,0.0052,"Semi-natural",61.23188,3.147639,3539.606,-16.5268,5.479182,-4.20414,12.88447,0.9
"JCU","2130","Hesperiidae","Telicota mesoptis",10,"Female","MFE","Tropical","01/07/2023",0,0,0,0,0,1,NA,0.0413,"Semi-natural",61.23188,3.147639,3539.606,-16.5268,5.479182,-4.20414,12.88447,0
"JCU","2062","Pieridae","Eurema laeta",10,"Male","JM","Tropical","01/07/2023",0,0,0,0,0,1,NA,0.008,"Semi-natural",61.23188,3.147639,3539.606,-16.5268,5.479182,-4.20414,12.88447,0
"JCU","249","Lycaenidae","Jamides aleuas",11,"Female","SS","Tropical","17/07/2022",0,0,3,3,4,1,"11 daphnia in!",0.007,"Semi-natural",61.23188,3.147639,3539.606,-16.5268,5.479182,-4.20414,12.88447,0.363636363636364
"JCU","295","Hesperiidae","Sabera caesina",10,"Female","VP","Tropical","17/07/2022",0,0,0,0,0,1,"one with an air bubble :( managed to bump it up!!! :)",0.023,"Semi-natural",61.23188,3.147639,3539.606,-16.5268,5.479182,-4.20414,12.88447,0
"JCU","jcu3","Lycaenidae","Zizina otis",10,"Female",NA,"Tropical","16/07/2022",0,0,2,9,9,2,NA,0.005,"Semi-natural",61.23188,3.147639,3539.606,-16.5268,5.479182,-4.20414,12.88447,0.9
"JCU","2055","Nymphalidae","Melanitis leda",10,"Female","JM","Tropical","01/07/2023",0,0,0,0,0,1,NA,0.0707,"Semi-natural",61.23188,3.147639,3539.606,-16.5268,5.479182,-4.20414,12.88447,0
"JCU","329","Lycaenidae","Zizina otis",10,"Male","MFE","Tropical","17/07/2022",0,0,6,7,7,1,"scales in liquid",0.004,"Semi-natural",61.23188,3.147639,3539.606,-16.5268,5.479182,-4.20414,12.88447,0.7
"JCU","2117","Hesperiidae","Pelopidas agna",10,"Male","MFE","Tropical","01/07/2023",1,7,7,9,9,1,NA,0.0392,"Semi-natural",61.23188,3.147639,3539.606,-16.5268,5.479182,-4.20414,12.88447,0.9
"JCU","93","Pieridae","Eurema hecabe",10,"Male","MFE","Tropical","17/07/2022",0,2,3,6,7,1,"All & only small dead",0.009,"Semi-natural",61.23188,3.147639,3539.606,-16.5268,5.479182,-4.20414,12.88447,0.7
"JCU","jcu5","Lycaenidae","Zizina otis",10,"Male",NA,"Tropical","17/07/2022",2,4,4,5,7,2,"scales in the daphnia after 30min",0.004,"Semi-natural",61.23188,3.147639,3539.606,-16.5268,5.479182,-4.20414,12.88447,0.7
"JCU","162","Nymphalidae","Junonia hedonia",10,"Male","LH","Tropical","16/07/2022",0,0,0,0,0,1,NA,0.065,"Semi-natural",61.23188,3.147639,3539.606,-16.5268,5.479182,-4.20414,12.88447,0
"KRG","1638","Nymphalidae","Heteronympha merope",10,"Male","HS","Temperate","17/11/2022",0,0,0,1,1,1,NA,0.037,"Semi-natural",20.25316,2.005978,1094.986,-9.12095,8.820677,-16.2119,-4.8722,0.1
"KRG","1615","Nymphalidae","Heteronympha merope",10,"Male","HS","Temperate","17/11/2022",0,5,6,6,7,1,NA,0.0334,"Semi-natural",20.25316,2.005978,1094.986,-9.12095,8.820677,-16.2119,-4.8722,0.7
"KRG","1697","Nymphalidae","Tisiphone abeona",10,"Female","MEH","Temperate","17/11/2022",0,0,0,0,0,1,NA,0.0208,"Semi-natural",20.25316,2.005978,1094.986,-9.12095,8.820677,-16.2119,-4.8722,0
"KRG","1650","Nymphalidae","Heteronympha mirifica",10,"Male","HS","Temperate","17/11/2022",0,0,0,1,1,1,NA,0.022,"Semi-natural",20.25316,2.005978,1094.986,-9.12095,8.820677,-16.2119,-4.8722,0.1
"KRG","1681","Nymphalidae","Heteronympha merope",10,"Male","SS","Temperate","17/11/2022",0,0,0,0,1,1,NA,0.0411,"Semi-natural",20.25316,2.005978,1094.986,-9.12095,8.820677,-16.2119,-4.8722,0.1
"KRG","1648","Nymphalidae","Heteronympha mirifica",10,"Male","HS","Temperate","17/11/2022",0,0,0,0,1,1,NA,0.021,"Semi-natural",20.25316,2.005978,1094.986,-9.12095,8.820677,-16.2119,-4.8722,0.1
"KRG","1766","Nymphalidae","Tisiphone abeona",10,"Male","MFE","Temperate","17/11/2022",0,0,0,0,0,1,"Brought from store and tested next day",0.049,"Semi-natural",20.25316,2.005978,1094.986,-9.12095,8.820677,-16.2119,-4.8722,0
"KRG","1641","Hesperiidae","Telicota ancilla",10,"Male","HS","Temperate","17/11/2022",0,0,0,3,3,1,NA,0.037,"Semi-natural",20.25316,2.005978,1094.986,-9.12095,8.820677,-16.2119,-4.8722,0.3
"KRG","1687","Hesperiidae","Ocybadistes walkeri",10,"Male","SS","Temperate","17/11/2022",1,1,1,2,3,1,NA,0.011,"Semi-natural",20.25316,2.005978,1094.986,-9.12095,8.820677,-16.2119,-4.8722,0.3
"KRG","1628","Nymphalidae","Tisiphone abeona",10,"Female","HS","Temperate","17/11/2022",0,0,0,0,0,1,NA,0.041,"Semi-natural",20.25316,2.005978,1094.986,-9.12095,8.820677,-16.2119,-4.8722,0
"KRG","1695","Nymphalidae","Tisiphone abeona",10,"Male","SS","Temperate","17/11/2022",0,0,2,3,3,1,"written as 1645, fixed using envelope!",0.022,"Semi-natural",20.25316,2.005978,1094.986,-9.12095,8.820677,-16.2119,-4.8722,0.3
"KRG","1728","Nymphalidae","Tisiphone abeona",10,"Male","NV","Temperate","17/11/2022",0,0,0,1,1,1,NA,0.0458,"Semi-natural",20.25316,2.005978,1094.986,-9.12095,8.820677,-16.2119,-4.8722,0.1
"KRG","1683","Nymphalidae","Hypocysta metirius",10,"Male","SS","Temperate","17/11/2022",0,2,4,4,5,1,NA,0.006,"Semi-natural",20.25316,2.005978,1094.986,-9.12095,8.820677,-16.2119,-4.8722,0.5
"KRG","1680","Nymphalidae","Hypocysta metirius",10,"Male","SS","Temperate","17/11/2022",0,0,1,1,2,1,"scales in liquid",0.005,"Semi-natural",20.25316,2.005978,1094.986,-9.12095,8.820677,-16.2119,-4.8722,0.2
"KRG","1656","Nymphalidae","Heteronympha mirifica",10,"Male","SS","Temperate","17/11/2022",0,0,1,2,4,1,"eggs layed within 30 min",0.021,"Semi-natural",20.25316,2.005978,1094.986,-9.12095,8.820677,-16.2119,-4.8722,0.4
"KRG","1651","Hesperiidae","Telicota ancilla",10,"Female","HS","Temperate","17/11/2022",0,0,0,2,2,1,NA,0.03,"Semi-natural",20.25316,2.005978,1094.986,-9.12095,8.820677,-16.2119,-4.8722,0.2
"KRG","1726","Nymphalidae","Tisiphone abeona",10,"Male","NV","Temperate","17/11/2022",0,0,0,0,1,1,NA,0.0254,"Semi-natural",20.25316,2.005978,1094.986,-9.12095,8.820677,-16.2119,-4.8722,0.1
"KRG","1679","Hesperiidae","Telicota ancilla",10,"Female","SS","Temperate","17/11/2022",0,0,0,0,0,1,NA,0.051,"Semi-natural",20.25316,2.005978,1094.986,-9.12095,8.820677,-16.2119,-4.8722,0
"KRG","1730","Nymphalidae","Heteronympha merope",10,"Male","NV","Temperate","17/11/2022",0,1,3,7,9,1,"Only small ones died, but big one almost dead too (just twiching)",0.035,"Semi-natural",20.25316,2.005978,1094.986,-9.12095,8.820677,-16.2119,-4.8722,0.9
"KRG","1662","Nymphalidae","Ypthima arctous",10,"Male","SS","Temperate","17/11/2022",0,0,0,0,2,1,NA,0.0082,"Semi-natural",20.25316,2.005978,1094.986,-9.12095,8.820677,-16.2119,-4.8722,0.2
"KRG","1758","Nymphalidae","Hypocysta metirius",10,"Male","MFE","Temperate","17/11/2022",0,0,1,3,7,1,NA,0.0042,"Semi-natural",20.25316,2.005978,1094.986,-9.12095,8.820677,-16.2119,-4.8722,0.7
"LSP","3025","Nymphalidae","Danaus petilia",10,"Male","HS","Subtropical","2/11/2023",0,0,0,0,3,1,NA,0.055,"Semi-natural",75.75758,3.419302,3030.31,-3.36952,9.262871,-2.30998,4.961919,0.3
"LSP","1167","Nymphalidae","Danaus plexippus",10,"Female","MFE","Subtropical","23/09/2022",6,7,8,9,10,1,"Brought from store and tested next day",0.25,"Semi-natural",75.75758,3.419302,3030.31,-3.36952,9.262871,-2.30998,4.961919,1
"LSP","1240","Lycaenidae","Lampides boeticus",10,"Female","MEH","Subtropical","23/09/2022",2,2,3,6,7,1,NA,0.009,"Semi-natural",75.75758,3.419302,3030.31,-3.36952,9.262871,-2.30998,4.961919,0.7
"LSP","1226","Pieridae","Eurema smilax",10,"Female","MFE","Subtropical","23/09/2022",0,1,1,1,1,1,NA,0.007,"Semi-natural",75.75758,3.419302,3030.31,-3.36952,9.262871,-2.30998,4.961919,0.1
"LSP","1113","Lycaenidae","Zizina otis",10,"Female","SS","Subtropical","23/09/2022",0,0,1,10,10,1,NA,0.005,"Semi-natural",75.75758,3.419302,3030.31,-3.36952,9.262871,-2.30998,4.961919,1
"LSP","1160","Pieridae","Belenois java",10,"Female","CI","Subtropical","23/09/2022",0,0,0,0,0,1,NA,0.115,"Semi-natural",75.75758,3.419302,3030.31,-3.36952,9.262871,-2.30998,4.961919,0
"LSP","1099","Lycaenidae","Lampides boeticus",10,"Female","SS","Subtropical","23/09/2022",0,1,4,6,6,1,NA,0.008,"Semi-natural",75.75758,3.419302,3030.31,-3.36952,9.262871,-2.30998,4.961919,0.6
"LSP","1250","Nymphalidae","Danaus plexippus",10,"Male","MFE","Subtropical","23/09/2022",0,0,0,0,0,1,NA,0.1523,"Semi-natural",75.75758,3.419302,3030.31,-3.36952,9.262871,-2.30998,4.961919,0
"LSP","1241","Nymphalidae","Melanitis leda",10,"Female","HS","Subtropical","23/09/2022",2,2,2,2,2,1,NA,0.064,"Semi-natural",75.75758,3.419302,3030.31,-3.36952,9.262871,-2.30998,4.961919,0.2
"LSP","1173","Pieridae","Belenois java",10,"Male","SS","Subtropical","23/09/2022",0,0,0,0,0,1,NA,0.0643,"Semi-natural",75.75758,3.419302,3030.31,-3.36952,9.262871,-2.30998,4.961919,0
"LSP","3083","Papilionidae","Papilio demoleus",10,"Female","MFE","Subtropical","2/11/2023",0,0,0,1,2,1,NA,0.1285,"Semi-natural",75.75758,3.419302,3030.31,-3.36952,9.262871,-2.30998,4.961919,0.2
"LSP","3057","Papilionidae","Papilio demoleus",10,"Male","ZW","Subtropical","2/11/2023",0,1,2,2,4,1,NA,0.1015,"Semi-natural",75.75758,3.419302,3030.31,-3.36952,9.262871,-2.30998,4.961919,0.4
"LSP","1208","Nymphalidae","Danaus plexippus",10,"Female","HS","Subtropical","23/09/2022",0,0,0,0,0,1,NA,0.126,"Semi-natural",75.75758,3.419302,3030.31,-3.36952,9.262871,-2.30998,4.961919,0
"LSP","1127","Lycaenidae","Zizina otis",10,"Female","SS","Subtropical","23/09/2022",0,1,2,3,4,1,NA,0.009,"Semi-natural",75.75758,3.419302,3030.31,-3.36952,9.262871,-2.30998,4.961919,0.4
"LSP","3078","Hesperiidae","Toxidia peron",10,"Female","MFE","Subtropical","2/11/2023",0,0,0,0,1,1,NA,0.02463,"Semi-natural",75.75758,3.419302,3030.31,-3.36952,9.262871,-2.30998,4.961919,0.1
"LSP","1183","Nymphalidae","Danaus plexippus",10,"Female","CI","Subtropical","23/09/2022",0,0,0,0,0,1,NA,0.126,"Semi-natural",75.75758,3.419302,3030.31,-3.36952,9.262871,-2.30998,4.961919,0
"LSP","3074","Lycaenidae","Zizina otis",10,"Male","ZW","Subtropical","2/11/2023",0,0,0,2,2,1,NA,0.005,"Semi-natural",75.75758,3.419302,3030.31,-3.36952,9.262871,-2.30998,4.961919,0.2
"LSP","1119","Lycaenidae","Lampides boeticus",11,"Female","SS","Subtropical","23/09/2022",0,0,6,8,8,1,NA,0.012,"Semi-natural",75.75758,3.419302,3030.31,-3.36952,9.262871,-2.30998,4.961919,0.727272727272727
"LSP","3054","Nymphalidae","Danaus petilia",10,"Male","ZW","Subtropical","2/11/2023",0,0,1,2,2,1,NA,0.123,"Semi-natural",75.75758,3.419302,3030.31,-3.36952,9.262871,-2.30998,4.961919,0.2
"LSP","3056","Papilionidae","Papilio demoleus",10,"Female","ZW","Subtropical","2/11/2023",0,0,0,1,1,1,NA,0.0927,"Semi-natural",75.75758,3.419302,3030.31,-3.36952,9.262871,-2.30998,4.961919,0.1
"LSP","3058","Papilionidae","Papilio demoleus",10,"Female","ZW","Subtropical","2/11/2023",0,0,2,3,3,1,NA,0.173,"Semi-natural",75.75758,3.419302,3030.31,-3.36952,9.262871,-2.30998,4.961919,0.3
"LSP","1207","Pieridae","Eurema smilax",10,"Female","HS","Subtropical","23/09/2022",0,0,0,1,4,1,NA,0.0076,"Semi-natural",75.75758,3.419302,3030.31,-3.36952,9.262871,-2.30998,4.961919,0.4
"LSP","1246","Nymphalidae","Danaus plexippus",10,"Female","MEH","Subtropical","23/09/2022",0,0,2,4,4,1,NA,0.2188,"Semi-natural",75.75758,3.419302,3030.31,-3.36952,9.262871,-2.30998,4.961919,0.4
"LSP","1211","Nymphalidae","Danaus plexippus",10,"Male","HS","Subtropical","23/09/2022",0,0,0,0,0,1,NA,0.124,"Semi-natural",75.75758,3.419302,3030.31,-3.36952,9.262871,-2.30998,4.961919,0
"LSP","1125","Lycaenidae","Zizina otis",10,"Female","SS","Subtropical","23/09/2022",0,1,1,2,5,1,NA,0.004,"Semi-natural",75.75758,3.419302,3030.31,-3.36952,9.262871,-2.30998,4.961919,0.5
"LSP","3109","Pieridae","Delias argenthona",10,"Male","DS","Subtropical","2/11/2023",0,0,0,3,3,1,NA,0.116,"Semi-natural",75.75758,3.419302,3030.31,-3.36952,9.262871,-2.30998,4.961919,0.3
"LSP","1163","Hesperiidae","Ocybadistes flavovittatus",9,"Female","CI","Subtropical","23/09/2022",0,0,1,3,3,1,NA,0.009,"Semi-natural",75.75758,3.419302,3030.31,-3.36952,9.262871,-2.30998,4.961919,0.333333333333333
"LSP","1199","Lycaenidae","Zizina otis",10,"Female","MFE","Subtropical","23/09/2022",0,0,1,1,1,1,"2 BABIES PROBS BORN on tube, so did not count, but dies",0.005,"Semi-natural",75.75758,3.419302,3030.31,-3.36952,9.262871,-2.30998,4.961919,0.1
"LSP","1174","Pieridae","Delias argenthona",10,"Female","SS","Subtropical","23/09/2022",0,0,0,0,0,1,NA,0.086,"Semi-natural",75.75758,3.419302,3030.31,-3.36952,9.262871,-2.30998,4.961919,0
"LSP","1118","Lycaenidae","Lampides boeticus",10,"Male","SS","Subtropical","23/09/2022",3,6,7,10,10,1,NA,0.01,"Semi-natural",75.75758,3.419302,3030.31,-3.36952,9.262871,-2.30998,4.961919,1
"LSP","1170","Pieridae","Delias argenthona",10,"Male","MFE","Subtropical","23/09/2022",0,1,1,1,3,1,NA,0.058,"Semi-natural",75.75758,3.419302,3030.31,-3.36952,9.262871,-2.30998,4.961919,0.3
"LSP","1233","Lycaenidae","Lampides boeticus",10,"Male","MEH","Subtropical","23/09/2022",0,0,0,1,1,1,NA,0.01,"Semi-natural",75.75758,3.419302,3030.31,-3.36952,9.262871,-2.30998,4.961919,0.1
"LSP","3111","Papilionidae","Papilio demoleus",10,"Female","DS","Subtropical","2/11/2023",0,3,3,3,4,1,"3h has 0 but probably misstyped",0.1112,"Semi-natural",75.75758,3.419302,3030.31,-3.36952,9.262871,-2.30998,4.961919,0.4
"LSP","1205","Pieridae","Eurema smilax",10,"Female","HS","Subtropical","23/09/2022",0,1,4,5,5,1,NA,0.007,"Semi-natural",75.75758,3.419302,3030.31,-3.36952,9.262871,-2.30998,4.961919,0.5
"LSP","1179","Nymphalidae","Junonia villida",10,"Female","SS","Subtropical","23/09/2022",0,0,0,0,0,1,NA,0.027,"Semi-natural",75.75758,3.419302,3030.31,-3.36952,9.262871,-2.30998,4.961919,0
"MQ","1518","Hesperiidae","Telicota ancilla",10,"Male","SS","Temperate","15/11/2022",0,0,0,0,0,1,"Brought from store and tested next day",0.038,"Urban",23.63636,1.825058,2393.69,27.56067,-17.8029,-1.20611,-6.99731,0
"MQ","1561","Hesperiidae","Trapezites symmomus",10,"Male","MFE","Temperate","15/11/2022",0,0,0,0,0,1,NA,0.1167,"Urban",23.63636,1.825058,2393.69,27.56067,-17.8029,-1.20611,-6.99731,0
"MQ","1519","Hesperiidae","Telicota ancilla",10,"Male","SS","Temperate","15/11/2022",0,0,0,0,0,1,NA,0.028,"Urban",23.63636,1.825058,2393.69,27.56067,-17.8029,-1.20611,-6.99731,0
"MQ","1531","Hesperiidae","Toxidia peron",10,"Female","HS","Temperate","15/11/2022",0,0,1,1,2,1,NA,0.029,"Urban",23.63636,1.825058,2393.69,27.56067,-17.8029,-1.20611,-6.99731,0.2
"MQ","1545","Nymphalidae","Heteronympha merope",10,"Male","TW","Temperate","15/11/2022",0,0,0,0,5,1,NA,0.0388,"Urban",23.63636,1.825058,2393.69,27.56067,-17.8029,-1.20611,-6.99731,0.5
"MQ","1543","Pieridae","Pieris rapae",10,"Male","TW","Temperate","15/11/2022",0,0,0,0,0,1,NA,0.032,"Urban",23.63636,1.825058,2393.69,27.56067,-17.8029,-1.20611,-6.99731,0
"MQ","1529","Lycaenidae","Candalides absimilis",10,"Female","HS","Temperate","15/11/2022",1,5,5,9,9,1,NA,0.019,"Urban",23.63636,1.825058,2393.69,27.56067,-17.8029,-1.20611,-6.99731,0.9
"MQ","1527","Lycaenidae","Candalides absimilis",10,"Female","HS","Temperate","15/11/2022",2,4,6,7,7,1,"tiny ones died (not all but only)",0.006,"Urban",23.63636,1.825058,2393.69,27.56067,-17.8029,-1.20611,-6.99731,0.7
"MR","2647","Nymphalidae","Mycalesis sirius",9,"Female","MFE","Tropical","02/07/2023",0,0,0,0,0,1,"1 killed one in the lid the first 30 min so there were only 9",0.011,"Semi-natural",74.18398,2.778718,4634.592,-43.0694,-27.219,19.12728,-7.54915,0
"MR","2393","Nymphalidae","Junonia hedonia",10,"Male","LO","Tropical","02/07/2023",0,0,0,0,0,1,NA,0.0496,"Semi-natural",74.18398,2.778718,4634.592,-43.0694,-27.219,19.12728,-7.54915,0
"MR","mr4","Lycaenidae","Zizina otis",10,"Male",NA,"Tropical","19/07/2022",0,0,0,3,4,2,"scales in liquid",0.005,"Semi-natural",74.18398,2.778718,4634.592,-43.0694,-27.219,19.12728,-7.54915,0.4
"MR","2598","Nymphalidae","Mycalesis terminus",10,"Male","MFE","Tropical","02/07/2023",0,0,1,1,1,1,NA,0.014,"Semi-natural",74.18398,2.778718,4634.592,-43.0694,-27.219,19.12728,-7.54915,0.1
"MR","399","Lycaenidae","Zizina otis",10,"Male","LH","Tropical","19/07/2022",0,0,7,7,7,1,NA,0.006,"Semi-natural",74.18398,2.778718,4634.592,-43.0694,-27.219,19.12728,-7.54915,0.7
"MR","2319","Nymphalidae","Ypthima arctous",10,"Female","KL","Tropical","02/07/2023",0,3,4,5,7,1,NA,0.02,"Semi-natural",74.18398,2.778718,4634.592,-43.0694,-27.219,19.12728,-7.54915,0.7
"MR","2419","Lycaenidae","Zizina otis",10,"Female","LO","Tropical","02/07/2023",0,0,5,8,8,1,NA,0.006,"Semi-natural",74.18398,2.778718,4634.592,-43.0694,-27.219,19.12728,-7.54915,0.8
"MR","496","Pieridae","Delias nigrina",10,"Male","HS","Tropical","19/07/2022",0,0,0,0,0,1,NA,0.022,"Semi-natural",74.18398,2.778718,4634.592,-43.0694,-27.219,19.12728,-7.54915,0
"MR","2615","Nymphalidae","Mycalesis perseus",10,"Female","MFE","Tropical","02/07/2023",0,0,1,1,3,1,NA,0.028,"Semi-natural",74.18398,2.778718,4634.592,-43.0694,-27.219,19.12728,-7.54915,0.3
"MR","470","Nymphalidae","Mycalesis terminus",10,"Male","HS","Tropical","19/07/2022",0,0,2,3,3,1,NA,0.013,"Semi-natural",74.18398,2.778718,4634.592,-43.0694,-27.219,19.12728,-7.54915,0.3
"MR","2666","Nymphalidae","Mycalesis terminus",10,"Male","MFE","Tropical","02/07/2023",0,0,0,0,0,1,NA,0.013,"Semi-natural",74.18398,2.778718,4634.592,-43.0694,-27.219,19.12728,-7.54915,0
"MR","484","Nymphalidae","Mycalesis sirius",10,"Female","HS","Tropical","19/07/2022",0,0,1,2,3,1,"Brought from store and tested next day",0.013,"Semi-natural",74.18398,2.778718,4634.592,-43.0694,-27.219,19.12728,-7.54915,0.3
"MR","2646","Nymphalidae","Mycalesis perseus",10,"Female","MFE","Tropical","02/07/2023",0,0,3,3,4,1,NA,0.013,"Semi-natural",74.18398,2.778718,4634.592,-43.0694,-27.219,19.12728,-7.54915,0.4
"MR","368","Nymphalidae","Ypthima arctous",10,"Female","LH","Tropical","19/07/2022",1,1,1,1,1,1,NA,0.01,"Semi-natural",74.18398,2.778718,4634.592,-43.0694,-27.219,19.12728,-7.54915,0.1
"MR","2580","Hesperiidae","Suniana sunias",10,"Female","MFE","Tropical","02/07/2023",0,0,0,0,3,1,NA,0.009,"Semi-natural",74.18398,2.778718,4634.592,-43.0694,-27.219,19.12728,-7.54915,0.3
"MR","475","Pieridae","Eurema laeta",10,"Female","HS","Tropical","19/07/2022",0,1,2,2,3,1,NA,0.004,"Semi-natural",74.18398,2.778718,4634.592,-43.0694,-27.219,19.12728,-7.54915,0.3
"MR","2374","Hesperiidae","Pelopidas agna",10,"Male","KL","Tropical","02/07/2023",0,0,0,0,0,1,NA,0.0369,"Semi-natural",74.18398,2.778718,4634.592,-43.0694,-27.219,19.12728,-7.54915,0
"MR","458","Nymphalidae","Mycalesis sirius",10,"Female","LH","Tropical","19/07/2022",0,2,3,7,7,1,NA,0.012,"Semi-natural",74.18398,2.778718,4634.592,-43.0694,-27.219,19.12728,-7.54915,0.7
"MR","2394","Nymphalidae","Junonia hedonia",10,"Male","LO","Tropical","02/07/2023",0,0,0,0,0,1,NA,0.0394,"Semi-natural",74.18398,2.778718,4634.592,-43.0694,-27.219,19.12728,-7.54915,0
"MR","2532","Hesperiidae","Pelopidas lyelli",10,"Male","MFE","Tropical","02/07/2023",0,0,0,0,0,1,"baby in not accounted for",0.0481,"Semi-natural",74.18398,2.778718,4634.592,-43.0694,-27.219,19.12728,-7.54915,0
"MR","502","Nymphalidae","Mycalesis sirius",10,"Female","MFE","Tropical","19/07/2022",0,0,0,0,0,1,NA,0.0139,"Semi-natural",74.18398,2.778718,4634.592,-43.0694,-27.219,19.12728,-7.54915,0
"MR","510","Nymphalidae","Mycalesis terminus",10,"Male","MFE","Tropical","19/07/2022",0,0,3,4,4,1,NA,0.014,"Semi-natural",74.18398,2.778718,4634.592,-43.0694,-27.219,19.12728,-7.54915,0.4
"MR","2333","Nymphalidae","Mycalesis perseus",10,"Male","KL","Tropical","02/07/2023",0,0,0,2,2,1,NA,0.017,"Semi-natural",74.18398,2.778718,4634.592,-43.0694,-27.219,19.12728,-7.54915,0.2
"MR","mr3","Lycaenidae","Zizina otis",10,"Male",NA,"Tropical","2/07/2023",0,0,6,6,6,2,NA,0.004,"Semi-natural",74.18398,2.778718,4634.592,-43.0694,-27.219,19.12728,-7.54915,0.6
"MR","2581","Hesperiidae","Sabera dobboe",10,"Female","MFE","Tropical","02/07/2023",0,0,0,0,0,1,NA,0.0119,"Semi-natural",74.18398,2.778718,4634.592,-43.0694,-27.219,19.12728,-7.54915,0
"MR","2347","Nymphalidae","Mycalesis perseus",10,"Female","KL","Tropical","02/07/2023",0,0,0,0,0,1,NA,0.031,"Semi-natural",74.18398,2.778718,4634.592,-43.0694,-27.219,19.12728,-7.54915,0
"MR","2591","Hesperiidae","Arrhenes dschilus",10,"Male","MFE","Tropical","02/07/2023",0,0,0,0,0,1,NA,0.019,"Semi-natural",74.18398,2.778718,4634.592,-43.0694,-27.219,19.12728,-7.54915,0
"MR","2593","Hesperiidae","Telicota ancilla",10,"Male","MFE","Tropical","02/07/2023",0,0,0,0,0,1,NA,0.03,"Semi-natural",74.18398,2.778718,4634.592,-43.0694,-27.219,19.12728,-7.54915,0
"MR","450","Hesperiidae","Arrhenes dschilus",10,"Female","LH","Tropical","19/07/2022",0,0,2,2,3,1,NA,0.018,"Semi-natural",74.18398,2.778718,4634.592,-43.0694,-27.219,19.12728,-7.54915,0.3
"MR","467","Lycaenidae","Arhopala micale",10,"Female","LH","Tropical","19/07/2022",0,0,4,4,4,1,NA,0.052,"Semi-natural",74.18398,2.778718,4634.592,-43.0694,-27.219,19.12728,-7.54915,0.4
"MR","468","Lycaenidae","Arhopala micale",10,"Female","LH","Tropical","19/07/2022",0,0,0,0,0,1,NA,0.0402,"Semi-natural",74.18398,2.778718,4634.592,-43.0694,-27.219,19.12728,-7.54915,0
"MR","586","Lycaenidae","Zizina otis",10,"Male","SS","Tropical","19/07/2022",0,0,4,5,7,1,NA,0.004,"Semi-natural",74.18398,2.778718,4634.592,-43.0694,-27.219,19.12728,-7.54915,0.7
"MR","487","Nymphalidae","Mycalesis terminus",10,"Female","HS","Tropical","19/07/2022",0,0,0,0,0,1,NA,0.032,"Semi-natural",74.18398,2.778718,4634.592,-43.0694,-27.219,19.12728,-7.54915,0
"MR","408","Nymphalidae","Mycalesis sirius",10,"Female","LH","Tropical","19/07/2022",0,0,5,6,7,1,NA,0.0194,"Semi-natural",74.18398,2.778718,4634.592,-43.0694,-27.219,19.12728,-7.54915,0.7
"MR","613","Nymphalidae","Hypolimnas bolina",10,"Female","SS","Tropical","19/07/2022",0,0,0,0,0,1,NA,0.0634,"Semi-natural",74.18398,2.778718,4634.592,-43.0694,-27.219,19.12728,-7.54915,0
"MR","506","Hesperiidae","Arrhenes dschilus",10,"Female","MFE","Tropical","19/07/2022",0,0,6,8,8,1,NA,0.0178,"Semi-natural",74.18398,2.778718,4634.592,-43.0694,-27.219,19.12728,-7.54915,0.8
"MR","2552","Lycaenidae","Zizina otis",10,"Male","MFE","Tropical","02/07/2023",0,0,1,2,3,1,"scales in liquid",0.004,"Semi-natural",74.18398,2.778718,4634.592,-43.0694,-27.219,19.12728,-7.54915,0.3
"MR","512","Nymphalidae","Mycalesis sirius",10,"Female","MFE","Tropical","19/07/2022",0,0,1,1,2,1,"one out of water on the last check",0.0133,"Semi-natural",74.18398,2.778718,4634.592,-43.0694,-27.219,19.12728,-7.54915,0.2
"MR","2452","Nymphalidae","Mycalesis sirius",10,"Male","LO","Tropical","02/07/2023",0,0,0,2,4,1,NA,0.0083,"Semi-natural",74.18398,2.778718,4634.592,-43.0694,-27.219,19.12728,-7.54915,0.4
"MR","412","Lycaenidae","Arhopala micale",10,"Female","LH","Tropical","19/07/2022",0,0,0,0,0,1,NA,0.0642,"Semi-natural",74.18398,2.778718,4634.592,-43.0694,-27.219,19.12728,-7.54915,0
"MR","2576","Hesperiidae","Sabera dobboe",10,"Female","MFE","Tropical","02/07/2023",0,0,0,0,1,1,NA,0.012,"Semi-natural",74.18398,2.778718,4634.592,-43.0694,-27.219,19.12728,-7.54915,0.1
"MR","2343","Nymphalidae","Mycalesis sirius",10,"Female","KL","Tropical","02/07/2023",0,0,0,0,1,1,NA,0.01,"Semi-natural",74.18398,2.778718,4634.592,-43.0694,-27.219,19.12728,-7.54915,0.1
"MR","2579","Hesperiidae","Telicota mesoptis",10,"Female","MFE","Tropical","02/07/2023",0,0,0,0,0,1,NA,0.027,"Semi-natural",74.18398,2.778718,4634.592,-43.0694,-27.219,19.12728,-7.54915,0
"MR","2348","Nymphalidae","Mycalesis sirius",10,"Female","KL","Tropical","02/07/2023",0,0,0,0,0,1,NA,0.016,"Semi-natural",74.18398,2.778718,4634.592,-43.0694,-27.219,19.12728,-7.54915,0
"MR","404","Hesperiidae","Arrhenes dschilus",10,"Female","LH","Tropical","19/07/2022",0,0,3,3,3,1,NA,0.0184,"Semi-natural",74.18398,2.778718,4634.592,-43.0694,-27.219,19.12728,-7.54915,0.3
"MR","563","Nymphalidae","Mycalesis terminus",10,"Female","SS","Tropical","19/07/2022",0,0,0,0,1,1,NA,0.0271,"Semi-natural",74.18398,2.778718,4634.592,-43.0694,-27.219,19.12728,-7.54915,0.1
"MR","2517","Nymphalidae","Mycalesis sirius",10,"Female","JD","Tropical","02/07/2023",0,0,0,0,1,1,NA,0.0111,"Semi-natural",74.18398,2.778718,4634.592,-43.0694,-27.219,19.12728,-7.54915,0.1
"MR","2531","Hesperiidae","Pelopidas lyelli",10,"Female","MFE","Tropical","02/07/2023",0,0,0,0,0,1,NA,0.057,"Semi-natural",74.18398,2.778718,4634.592,-43.0694,-27.219,19.12728,-7.54915,0
"MR","2534","Hesperiidae","Pelopidas lyelli",10,"Male","MFE","Tropical","02/07/2023",0,0,2,5,5,1,NA,0.031,"Semi-natural",74.18398,2.778718,4634.592,-43.0694,-27.219,19.12728,-7.54915,0.5
"MR","2539","Nymphalidae","Melanitis leda",10,"Female","MFE","Tropical","02/07/2023",0,0,0,0,0,1,NA,0.083,"Semi-natural",74.18398,2.778718,4634.592,-43.0694,-27.219,19.12728,-7.54915,0
"MR","499","Pieridae","Eurema hecabe",10,"Male","MFE","Tropical","19/07/2022",0,0,0,0,1,1,NA,0.011,"Semi-natural",74.18398,2.778718,4634.592,-43.0694,-27.219,19.12728,-7.54915,0.1
"MR","541","Nymphalidae","Junonia hedonia",10,"Male","MFE","Tropical","19/07/2022",0,0,0,0,0,1,NA,0.045,"Semi-natural",74.18398,2.778718,4634.592,-43.0694,-27.219,19.12728,-7.54915,0
"MR","355","Pieridae","Catopsilia pomona",10,"Female","HS","Tropical","19/07/2022",0,0,0,1,1,1,NA,0.11,"Semi-natural",74.18398,2.778718,4634.592,-43.0694,-27.219,19.12728,-7.54915,0.1
"MR","2489","Hesperiidae","Pelopidas agna",10,"Female","JD","Tropical","02/07/2023",0,0,0,0,0,1,NA,0.043,"Semi-natural",74.18398,2.778718,4634.592,-43.0694,-27.219,19.12728,-7.54915,0
"MR","389","Hesperiidae","Pelopidas agna",10,"Male","LH","Tropical","19/07/2022",0,0,0,0,0,1,NA,0.026,"Semi-natural",74.18398,2.778718,4634.592,-43.0694,-27.219,19.12728,-7.54915,0
"MR","345","Hesperiidae","Arrhenes dschilus",10,"Female","HS","Tropical","19/07/2022",0,0,0,0,1,1,NA,0.02,"Semi-natural",74.18398,2.778718,4634.592,-43.0694,-27.219,19.12728,-7.54915,0.1
"MR","2481","Hesperiidae","Telicota ancilla",10,"Male","JD","Tropical","02/07/2023",1,1,1,3,3,1,"Brought from store and tested next day",0.03,"Semi-natural",74.18398,2.778718,4634.592,-43.0694,-27.219,19.12728,-7.54915,0.3
"MR","2485","Hesperiidae","Sabera dobboe",10,"Male","JD","Tropical","02/07/2023",0,0,0,0,0,1,NA,0.025,"Semi-natural",74.18398,2.778718,4634.592,-43.0694,-27.219,19.12728,-7.54915,0
"MR","2523","Nymphalidae","Mycalesis perseus",10,"Male","JD","Tropical","02/07/2023",0,0,0,1,3,1,NA,0.0144,"Semi-natural",74.18398,2.778718,4634.592,-43.0694,-27.219,19.12728,-7.54915,0.3
"MR","PC3","Lycaenidae","Psychonotis caelius",10,"Male","HS","Tropical","20/07/2022",0,0,1,3,4,2,"scales in liquid",0.007,"Semi-natural",74.18398,2.778718,4634.592,-43.0694,-27.219,19.12728,-7.54915,0.4
"MR","349","Pieridae","Catopsilia pomona",10,"Male","HS","Tropical","19/07/2022",0,0,0,0,0,1,NA,0.1171,"Semi-natural",74.18398,2.778718,4634.592,-43.0694,-27.219,19.12728,-7.54915,0
"MR","mr2","Lycaenidae","Zizina otis",10,"Male",NA,"Tropical",NA,0,0,1,5,6,2,NA,0.006,"Semi-natural",74.18398,2.778718,4634.592,-43.0694,-27.219,19.12728,-7.54915,0.6
"MR","430","Lycaenidae","Arhopala micale",10,"Female","LH","Tropical","19/07/2022",0,0,4,4,4,1,NA,0.04,"Semi-natural",74.18398,2.778718,4634.592,-43.0694,-27.219,19.12728,-7.54915,0.4
"MR","549","Nymphalidae","Hypolimnas bolina",10,"Male","SS","Tropical","19/07/2022",0,0,6,7,7,1,NA,0.151,"Semi-natural",74.18398,2.778718,4634.592,-43.0694,-27.219,19.12728,-7.54915,0.7
"MR","mr1","Lycaenidae","Zizina otis",10,"Male",NA,"Tropical","2/07/2023",0,0,0,1,1,2,NA,0.007,"Semi-natural",74.18398,2.778718,4634.592,-43.0694,-27.219,19.12728,-7.54915,0.1
"MR","2451","Nymphalidae","Mycalesis perseus",10,"Male","LO","Tropical","02/07/2023",0,0,0,0,0,1,NA,0.011,"Semi-natural",74.18398,2.778718,4634.592,-43.0694,-27.219,19.12728,-7.54915,0
"MR","608","Hesperiidae","Arrhenes dschilus",10,"Female","SS","Tropical","19/07/2022",0,0,0,0,0,1,NA,0.0323,"Semi-natural",74.18398,2.778718,4634.592,-43.0694,-27.219,19.12728,-7.54915,0
"MR","2459","Nymphalidae","Ypthima arctous",10,"Female","JD","Tropical","02/07/2023",0,0,0,2,3,1,NA,0.02,"Semi-natural",74.18398,2.778718,4634.592,-43.0694,-27.219,19.12728,-7.54915,0.3
"MR","546","Nymphalidae","Hypolimnas bolina",10,"Female","MFE","Tropical","19/07/2022",0,0,0,0,0,1,NA,0.1126,"Semi-natural",74.18398,2.778718,4634.592,-43.0694,-27.219,19.12728,-7.54915,0
"MR","548","Pieridae","Catopsilia pomona",10,"Male","MFE","Tropical","19/07/2022",0,3,7,7,7,1,NA,0.0934,"Semi-natural",74.18398,2.778718,4634.592,-43.0694,-27.219,19.12728,-7.54915,0.7
"MR","2477","Pieridae","Eurema hecabe",10,"Female","JD","Tropical","02/07/2023",0,0,1,1,2,1,NA,0.017,"Semi-natural",74.18398,2.778718,4634.592,-43.0694,-27.219,19.12728,-7.54915,0.2
"OC","2892","Pieridae","Cepora perimale",10,"Male","HS","Subtropical","01/11/2023",0,0,0,1,3,1,NA,0.021,"Semi-natural",68.30986,3.115439,3921.578,7.598375,1.039509,4.961783,3.087219,0.3
"OC","2997","Nymphalidae","Danaus plexippus",10,"Male","ZW","Subtropical","01/11/2023",0,0,1,2,3,1,NA,0.239,"Semi-natural",68.30986,3.115439,3921.578,7.598375,1.039509,4.961783,3.087219,0.3
"OC","2879","Nymphalidae","Euploea corinna",10,"Male","HS","Subtropical","01/11/2023",0,0,2,2,2,1,NA,0.164,"Semi-natural",68.30986,3.115439,3921.578,7.598375,1.039509,4.961783,3.087219,0.2
"OC","2893","Pieridae","Cepora perimale",10,"Female","HS","Subtropical","01/11/2023",0,0,0,0,0,1,NA,0.022,"Semi-natural",68.30986,3.115439,3921.578,7.598375,1.039509,4.961783,3.087219,0
"OC","2953","Nymphalidae","Euploea corinna",10,"Male","MFE","Subtropical","01/11/2023",0,0,0,0,0,1,NA,0.1541,"Semi-natural",68.30986,3.115439,3921.578,7.598375,1.039509,4.961783,3.087219,0
"OC","2978","Lycaenidae","Zizina otis",10,"Male","MFE","Subtropical","01/11/2023",0,0,0,0,0,1,NA,0.004,"Semi-natural",68.30986,3.115439,3921.578,7.598375,1.039509,4.961783,3.087219,0
"OC","2950","Hesperiidae","Suniana sunias",10,"Female","MFE","Subtropical","01/11/2023",0,0,0,2,2,1,NA,0.0066,"Semi-natural",68.30986,3.115439,3921.578,7.598375,1.039509,4.961783,3.087219,0.2
"OC","2890","Nymphalidae","Danaus plexippus",10,"Male","HS","Subtropical","01/11/2023",2,2,2,6,8,1,"Brought from store and tested next day/ one spend a few minutes in lid before I saved, it was after the 1/2 hour check and I thought 9 were dead, so after shaking and seeing movement I assumed it was still on the same stage as before, but clearly just a lot were not moving at first!",0.27,"Semi-natural",68.30986,3.115439,3921.578,7.598375,1.039509,4.961783,3.087219,0.8
"OC","856","Pieridae","Eurema hecabe",10,"Female","CI","Subtropical","21/09/2022",1,1,4,4,2,1,NA,0.006,"Semi-natural",68.30986,3.115439,3921.578,7.598375,1.039509,4.961783,3.087219,0.2
"OC","757","Hesperiidae","Ocybadistes flavovittatus",10,"Female","SS","Subtropical","21/09/2022",0,0,0,0,1,1,NA,0.011,"Semi-natural",68.30986,3.115439,3921.578,7.598375,1.039509,4.961783,3.087219,0.1
"OC","2989","Nymphalidae","Danaus petilia",10,"Female","ZW","Subtropical","01/11/2023",0,0,0,0,0,1,NA,0.055,"Semi-natural",68.30986,3.115439,3921.578,7.598375,1.039509,4.961783,3.087219,0
"OC","2944","Papilionidae","Graphium choredon",10,"Male","MFE","Subtropical","01/11/2023",0,0,0,0,0,1,"gave birth",0.095,"Semi-natural",68.30986,3.115439,3921.578,7.598375,1.039509,4.961783,3.087219,0
"OC","906","Nymphalidae","Euploea tulliolus",10,"Female","HS","Subtropical","21/09/2022",1,5,7,7,8,1,NA,0.0906,"Semi-natural",68.30986,3.115439,3921.578,7.598375,1.039509,4.961783,3.087219,0.8
"OC","802","Pieridae","Eurema smilax",10,"Male","SS","Subtropical","21/09/2022",0,2,2,5,6,1,"Brought from store and tested next day",0.004,"Semi-natural",68.30986,3.115439,3921.578,7.598375,1.039509,4.961783,3.087219,0.6
"OC","2999","Lycaenidae","Zizina otis",10,"Female","ZW","Subtropical","01/11/2023",0,2,3,5,5,1,NA,0.009,"Semi-natural",68.30986,3.115439,3921.578,7.598375,1.039509,4.961783,3.087219,0.5
"OC","919","Pieridae","Delias nigrina",10,"Male","SS","Subtropical","21/09/2022",0,0,0,0,0,1,NA,0.033,"Semi-natural",68.30986,3.115439,3921.578,7.598375,1.039509,4.961783,3.087219,0
"OC","930","Lycaenidae","Lampides boeticus",10,"Male","MFE","Subtropical","21/09/2022",0,0,3,3,4,1,NA,0.0082,"Semi-natural",68.30986,3.115439,3921.578,7.598375,1.039509,4.961783,3.087219,0.4
"OC","931","Hesperiidae","Ocybadistes flavovittatus",10,"Female","MFE","Subtropical","21/09/2022",0,0,0,0,0,1,NA,0.008,"Semi-natural",68.30986,3.115439,3921.578,7.598375,1.039509,4.961783,3.087219,0
"OC","898","Pieridae","Belenois java",10,"Female","CI","Subtropical","21/09/2022",0,0,0,1,1,1,"Written as 989, corrected using extraction spreedsheet",0.108,"Semi-natural",68.30986,3.115439,3921.578,7.598375,1.039509,4.961783,3.087219,0.1
"OC","822","Hesperiidae","Ocybadistes flavovittatus",10,"Female","CI","Subtropical","21/09/2022",0,1,3,4,7,1,NA,0.009,"Semi-natural",68.30986,3.115439,3921.578,7.598375,1.039509,4.961783,3.087219,0.7
"OC","939","Lycaenidae","Zizina otis",10,"Female","CI","Subtropical","21/09/2022",0,3,7,9,9,1,NA,0.004,"Semi-natural",68.30986,3.115439,3921.578,7.598375,1.039509,4.961783,3.087219,0.9
"OC","944","Pieridae","Eurema hecabe",10,"Male","MFE","Subtropical","21/09/2022",0,0,0,0,2,1,NA,0.0118,"Semi-natural",68.30986,3.115439,3921.578,7.598375,1.039509,4.961783,3.087219,0.2
"OC","949","Nymphalidae","Danaus plexippus",10,"Female","CI","Subtropical","21/09/2022",3,4,7,8,8,1,"only small ones died",0.22,"Semi-natural",68.30986,3.115439,3921.578,7.598375,1.039509,4.961783,3.087219,0.8
"OC","950","Nymphalidae","Euploea tulliolus",10,"Female","MFE","Subtropical","21/09/2022",0,1,3,5,7,1,NA,0.0913,"Semi-natural",68.30986,3.115439,3921.578,7.598375,1.039509,4.961783,3.087219,0.7
"OC","951","Pieridae","Belenois java",10,"Male","MFE","Subtropical","21/09/2022",0,0,0,0,0,1,NA,0.041,"Semi-natural",68.30986,3.115439,3921.578,7.598375,1.039509,4.961783,3.087219,0
"OC","771","Pieridae","Belenois java",11,"Female","HS","Subtropical","21/09/2022",0,2,3,3,3,1,"11 daphnia in!",0.12,"Semi-natural",68.30986,3.115439,3921.578,7.598375,1.039509,4.961783,3.087219,0.272727272727273
"OC","ZO9","Lycaenidae","Zizina otis",10,"Male","ZW","Subtropical","1/11/2023",0,0,3,6,6,2,NA,0.006,"Semi-natural",68.30986,3.115439,3921.578,7.598375,1.039509,4.961783,3.087219,0.6
"OC","LP1","Lycaenidae","Leptotes plinius",10,"Male","SS","Temperate","21/09/2022",1,1,3,3,6,2,NA,0.006,"Semi-natural",68.30986,3.115439,3921.578,7.598375,1.039509,4.961783,3.087219,0.6
"OC","2956","Lycaenidae","Theclinesthes onycha",10,"Male","MFE","Subtropical","01/11/2023",7,10,10,10,10,1,"Brought from store and tested next day",0.009,"Semi-natural",68.30986,3.115439,3921.578,7.598375,1.039509,4.961783,3.087219,1
"OC","2919","Hesperiidae","Suniana sunias",10,"Male","DS","Subtropical","01/11/2023",0,0,2,3,4,1,NA,0.011,"Semi-natural",68.30986,3.115439,3921.578,7.598375,1.039509,4.961783,3.087219,0.4
"OC","2921","Nymphalidae","Euploea corinna",10,"Male","DS","Subtropical","01/11/2023",0,2,3,4,4,1,NA,0.146,"Semi-natural",68.30986,3.115439,3921.578,7.598375,1.039509,4.961783,3.087219,0.4
"OC","971","Pieridae","Belenois java",10,"Female","HS","Subtropical","21/09/2022",0,0,1,2,2,1,"written as 917, corrected using extraction sheet",0.085,"Semi-natural",68.30986,3.115439,3921.578,7.598375,1.039509,4.961783,3.087219,0.2
"OC","2915","Pieridae","Belenois java",10,"Male","DS","Subtropical","01/11/2023",0,0,2,2,3,1,NA,0.0646,"Semi-natural",68.30986,3.115439,3921.578,7.598375,1.039509,4.961783,3.087219,0.3
"OC","2916","Pieridae","Cepora perimale",10,"Male","DS","Subtropical","01/11/2023",0,0,0,0,0,1,NA,0.023,"Semi-natural",68.30986,3.115439,3921.578,7.598375,1.039509,4.961783,3.087219,0
"OC","2881","Nymphalidae","Euploea corinna",10,"Male","HS","Subtropical","01/11/2023",0,0,0,0,0,1,NA,0.2203,"Semi-natural",68.30986,3.115439,3921.578,7.598375,1.039509,4.961783,3.087219,0
"OC","2920","Nymphalidae","Euploea corinna",10,"Female","DS","Subtropical","01/11/2023",0,1,4,6,6,1,NA,0.2388,"Semi-natural",68.30986,3.115439,3921.578,7.598375,1.039509,4.961783,3.087219,0.6
"OC","860","Lycaenidae","Zizina otis",10,"Male","MFE","Subtropical","21/09/2022",0,0,1,2,2,1,NA,0.005,"Semi-natural",68.30986,3.115439,3921.578,7.598375,1.039509,4.961783,3.087219,0.2
"OC","874","Pieridae","Belenois java",10,"Male","CI","Subtropical","21/09/2022",0,0,0,0,0,1,NA,0.042,"Semi-natural",68.30986,3.115439,3921.578,7.598375,1.039509,4.961783,3.087219,0
"OC","2923","Nymphalidae","Euploea corinna",10,"Male","DS","Subtropical","01/11/2023",0,0,0,0,0,1,NA,0.214,"Semi-natural",68.30986,3.115439,3921.578,7.598375,1.039509,4.961783,3.087219,0
"PP","4053","Hesperiidae","Ocybadistes walkeri",10,"Female","MFE","Temperate","13/11/2023",0,0,0,1,1,1,NA,0.06983,"Urban",11.72414,2.067959,2750.197,21.83839,-10.0349,1.908405,0.117998,0.1
"PP","4072","Pieridae","Pieris rapae",10,"Female","MFE","Temperate","13/11/2023",0,0,0,0,0,1,NA,0.049,"Urban",11.72414,2.067959,2750.197,21.83839,-10.0349,1.908405,0.117998,0
"PP","4103","Pieridae","Pieris rapae",10,"Female","MFE","Temperate","13/11/2023",0,0,0,0,0,1,NA,0.045,"Urban",11.72414,2.067959,2750.197,21.83839,-10.0349,1.908405,0.117998,0
"PP","4176","Pieridae","Pieris rapae",10,"Female","LO","Temperate","13/11/2023",0,0,0,0,0,1,NA,0.0386,"Urban",11.72414,2.067959,2750.197,21.83839,-10.0349,1.908405,0.117998,0
"PP","4185","Pieridae","Pieris rapae",10,"Male","LO","Temperate","13/11/2023",0,0,0,0,0,1,NA,0.034,"Urban",11.72414,2.067959,2750.197,21.83839,-10.0349,1.908405,0.117998,0
"PP","4212","Pieridae","Pieris rapae",10,"Male","LO","Temperate","13/11/2023",0,0,0,0,0,1,NA,0.02128,"Urban",11.72414,2.067959,2750.197,21.83839,-10.0349,1.908405,0.117998,0
"PP","4131","Hesperiidae","Suniana sunias",10,"Female","LO","Temperate","13/11/2023",0,0,0,0,1,1,NA,0.0127,"Urban",11.72414,2.067959,2750.197,21.83839,-10.0349,1.908405,0.117998,0.1
"PP","4135","Lycaenidae","Zizina otis",10,"Female","LO","Temperate","13/11/2023",0,0,0,0,0,1,NA,0.006,"Urban",11.72414,2.067959,2750.197,21.83839,-10.0349,1.908405,0.117998,0
"PP","4136","Lycaenidae","Zizina otis",10,"Female","LO","Temperate","13/11/2023",0,0,0,0,0,1,NA,0.005,"Urban",11.72414,2.067959,2750.197,21.83839,-10.0349,1.908405,0.117998,0
"PP","4137","Lycaenidae","Zizina otis",10,"Female","LO","Temperate","13/11/2023",0,0,0,3,5,1,NA,0.004,"Urban",11.72414,2.067959,2750.197,21.83839,-10.0349,1.908405,0.117998,0.5
"PP","4140","Lycaenidae","Zizina otis",10,"Female","LO","Temperate","13/11/2023",0,3,4,6,7,1,NA,0.005,"Urban",11.72414,2.067959,2750.197,21.83839,-10.0349,1.908405,0.117998,0.7
"PP","4141","Lycaenidae","Zizina otis",10,"Female","LO","Temperate","13/11/2023",0,0,1,2,2,1,NA,0.006,"Urban",11.72414,2.067959,2750.197,21.83839,-10.0349,1.908405,0.117998,0.2
"PP","4144","Lycaenidae","Zizina otis",10,"Female","LO","Temperate","13/11/2023",0,0,0,1,2,1,NA,0.004,"Urban",11.72414,2.067959,2750.197,21.83839,-10.0349,1.908405,0.117998,0.2
"PP","4146","Pieridae","Eurema smilax",10,"Female","LO","Temperate","13/11/2023",0,0,0,0,0,1,NA,0.012,"Urban",11.72414,2.067959,2750.197,21.83839,-10.0349,1.908405,0.117998,0
"WLP","1815","Nymphalidae","Vanessa kershawi",10,"Female","JT","Temperate","18/11/2022",0,0,0,0,0,1,NA,0.077,"Semi-natural",22.85714,2.607294,2037.183,-8.76695,10.96784,-16.8957,-7.90121,0
"WLP","1821","Nymphalidae","Junonia villida",10,"Male","LH","Temperate","19/11/2022",0,0,0,0,0,1,NA,0.043,"Semi-natural",22.85714,2.607294,2037.183,-8.76695,10.96784,-16.8957,-7.90121,0
"WLP","1824","Nymphalidae","Junonia villida",10,"Female","LH","Temperate","19/11/2022",0,0,0,0,1,1,NA,0.026,"Semi-natural",22.85714,2.607294,2037.183,-8.76695,10.96784,-16.8957,-7.90121,0.1
"WLP","1791","Nymphalidae","Vanessa kershawi",10,"Female","SS","Temperate","18/11/2022",0,0,2,3,3,1,NA,0.034,"Semi-natural",22.85714,2.607294,2037.183,-8.76695,10.96784,-16.8957,-7.90121,0.3
"WLP","1798","Nymphalidae","Junonia villida",10,"Female","SS","Temperate","18/11/2022",0,0,0,0,0,1,NA,0.0423,"Semi-natural",22.85714,2.607294,2037.183,-8.76695,10.96784,-16.8957,-7.90121,0
"WLP","1820","Hesperiidae","Ocybadistes walkeri",10,"Male","LH","Temperate","19/11/2022",0,0,0,1,1,1,NA,0.0113,"Semi-natural",22.85714,2.607294,2037.183,-8.76695,10.96784,-16.8957,-7.90121,0.1
"WLP","1823","Hesperiidae","Ocybadistes flavovittatus",11,"Female","LH","Temperate","19/11/2022",0,0,3,5,9,1,NA,0.004,"Semi-natural",22.85714,2.607294,2037.183,-8.76695,10.96784,-16.8957,-7.90121,0.818181818181818
"WLP","1835","Nymphalidae","Junonia villida",10,"Male","SS","Temperate","19/11/2022",0,0,0,0,0,1,NA,0.045,"Semi-natural",22.85714,2.607294,2037.183,-8.76695,10.96784,-16.8957,-7.90121,0
"WLP","1783","Nymphalidae","Vanessa kershawi",10,"Female","HS","Temperate","18/11/2022",0,0,3,3,3,1,"also clumping",0.054,"Semi-natural",22.85714,2.607294,2037.183,-8.76695,10.96784,-16.8957,-7.90121,0.3
"WLP","1827","Hesperiidae","Ocybadistes walkeri",10,"Male","MFE","Temperate","19/11/2022",0,0,1,3,3,1,"Brought from store and tested next day",0.009,"Semi-natural",22.85714,2.607294,2037.183,-8.76695,10.96784,-16.8957,-7.90121,0.3
"WLR","3750","Lycaenidae","Zizina otis",10,"Male","MEH","Temperate","12/11/2023",0,1,3,3,3,1,"scales in liquid",0.004,"Urban",4.812834,2.206224,2801.127,14.37826,-4.98259,-0.1964,15.76448,0.3
"WLR","3845","Nymphalidae","Danaus plexippus",10,"Male","SP","Temperate","12/11/2023",0,0,0,0,0,1,NA,0.24475,"Urban",4.812834,2.206224,2801.127,14.37826,-4.98259,-0.1964,15.76448,0
"WLR","3739","Lycaenidae","Zizina otis",10,"Female","MEH","Temperate","12/11/2023",1,1,3,5,5,1,NA,0.007,"Urban",4.812834,2.206224,2801.127,14.37826,-4.98259,-0.1964,15.76448,0.5
"WLR","3773","Pieridae","Pieris rapae",10,"Female","MEH","Temperate","12/11/2023",0,0,0,0,1,1,NA,0.0476,"Urban",4.812834,2.206224,2801.127,14.37826,-4.98259,-0.1964,15.76448,0.1
"WLR","3781","Nymphalidae","Junonia villida",10,"Female","HS","Temperate","12/11/2023",0,0,0,0,0,1,NA,0.0643,"Urban",4.812834,2.206224,2801.127,14.37826,-4.98259,-0.1964,15.76448,0
"WLR","3909","Nymphalidae","Junonia villida",10,"Female","LR","Temperate","12/11/2023",0,1,1,1,1,1,NA,0.0451,"Urban",4.812834,2.206224,2801.127,14.37826,-4.98259,-0.1964,15.76448,0.1
"WLR","3898","Lycaenidae","Zizina otis",10,"Female","MFE","Temperate","12/11/2023",0,0,0,0,0,1,NA,0.0087,"Urban",4.812834,2.206224,2801.127,14.37826,-4.98259,-0.1964,15.76448,0
"WLR","3913","Hesperiidae","Toxidia peron",10,"Male","LR","Temperate","12/11/2023",0,0,0,0,0,1,NA,0.026,"Urban",4.812834,2.206224,2801.127,14.37826,-4.98259,-0.1964,15.76448,0
"WLR","3904","Lycaenidae","Zizina otis",10,"Male","MFE","Temperate","12/11/2023",0,0,0,1,1,1,NA,0.006,"Urban",4.812834,2.206224,2801.127,14.37826,-4.98259,-0.1964,15.76448,0.1
"WLR","3905","Lycaenidae","Zizina otis",10,"Female","MFE","Temperate","12/11/2023",0,0,2,3,3,1,NA,0.006,"Urban",4.812834,2.206224,2801.127,14.37826,-4.98259,-0.1964,15.76448,0.3
"WLR","3923","Pieridae","Pieris rapae",10,"Female","LR","Temperate","12/11/2023",0,0,0,0,0,1,NA,0.037,"Urban",4.812834,2.206224,2801.127,14.37826,-4.98259,-0.1964,15.76448,0
"WLR","3924","Pieridae","Pieris rapae",10,"Male","LR","Temperate","12/11/2023",0,0,0,0,0,1,NA,0.0298,"Urban",4.812834,2.206224,2801.127,14.37826,-4.98259,-0.1964,15.76448,0
"WPP","1594","Lycaenidae","Candalides absimilis",10,"Female","MFE","Temperate","16/11/2022",0,2,8,8,8,1,NA,0.012,"Urban",15.21739,1.241945,1935.324,29.23914,-18.6931,-1.17249,-8.3819,0.8
"WPP","1564","Nymphalidae","Hypocysta metirius",10,"Male","SS","Temperate","16/11/2022",0,0,2,2,4,1,NA,0.005,"Urban",15.21739,1.241945,1935.324,29.23914,-18.6931,-1.17249,-8.3819,0.4
"WPP","1568","Hesperiidae","Ocybadistes walkeri",10,"Male","SS","Temperate","16/11/2022",0,1,4,4,4,1,NA,0.012,"Urban",15.21739,1.241945,1935.324,29.23914,-18.6931,-1.17249,-8.3819,0.4
"WPP","1584","Hesperiidae","Ocybadistes walkeri",10,"Male","MEH","Temperate","16/11/2022",0,0,1,2,5,1,NA,0.009,"Urban",15.21739,1.241945,1935.324,29.23914,-18.6931,-1.17249,-8.3819,0.5
"WPP","1576","Hesperiidae","Trapezites symmomus",10,"Female","CW","Temperate","16/11/2022",0,0,0,0,0,1,NA,0.2435,"Urban",15.21739,1.241945,1935.324,29.23914,-18.6931,-1.17249,-8.3819,0
"WPP","1602","Hesperiidae","Telicota ancilla",10,"Female","HS","Temperate","16/11/2022",0,0,1,2,2,1,NA,0.0328,"Urban",15.21739,1.241945,1935.324,29.23914,-18.6931,-1.17249,-8.3819,0.2
"WPP","1577","Hesperiidae","Ocybadistes walkeri",10,"Female","CW","Temperate","16/11/2022",0,0,0,0,0,1,NA,0.021,"Urban",15.21739,1.241945,1935.324,29.23914,-18.6931,-1.17249,-8.3819,0
"WPP","1581","Hesperiidae","Ocybadistes walkeri",10,"Female","MEH","Temperate","16/11/2022",1,1,1,1,1,1,"Brought from store and tested next day",0.009,"Urban",15.21739,1.241945,1935.324,29.23914,-18.6931,-1.17249,-8.3819,0.1
"WPP","1586","Hesperiidae","Trapezites symmomus",10,"Female","MFE","Temperate","16/11/2022",0,0,0,0,0,1,NA,0.1764,"Urban",15.21739,1.241945,1935.324,29.23914,-18.6931,-1.17249,-8.3819,0
"WPP","1575","Hesperiidae","Trapezites symmomus",10,"Female","SS","Temperate","16/11/2022",5,5,9,9,10,1,"Brought from store and tested next day",0.148,"Urban",15.21739,1.241945,1935.324,29.23914,-18.6931,-1.17249,-8.3819,1
NA,"met6","Control","Methanol",10,NA,NA,NA,NA,0,0,0,0,0,NA,NA,NA,NA,NA,NA,NA,NA,NA,NA,NA,0
NA,"met7","Control","Methanol",10,NA,NA,NA,NA,0,0,0,0,0,NA,NA,NA,NA,NA,NA,NA,NA,NA,NA,NA,0
NA,"met8","Control","Methanol",8,NA,NA,NA,NA,0,0,0,0,0,NA,"Put 10 daphnia in, but had lots of bubbles, so I used a pipete tip to poke the bubbles and killed 2 daphnia, which means this trial only had 8!!!!",NA,NA,NA,NA,NA,NA,NA,NA,NA,0
NA,"met9","Control","Methanol",10,NA,NA,NA,NA,0,0,0,0,0,NA,"Brought from store and tested next day",NA,NA,NA,NA,NA,NA,NA,NA,NA,0
NA,"crt1","Control","Acheta domesticus",10,"Unknown",NA,NA,NA,0,0,0,0,0,1,NA,0.055,NA,NA,NA,NA,NA,NA,NA,NA,0
NA,"rch1","Control","Nauphoeta cinerea",10,"Unknown",NA,NA,NA,0,0,0,0,0,1,NA,0.0425,NA,NA,NA,NA,NA,NA,NA,NA,0
NA,"rch10","Control","Nauphoeta cinerea",10,"Unknown",NA,NA,NA,0,0,0,0,0,1,NA,0.0324,NA,NA,NA,NA,NA,NA,NA,NA,0
NA,"rch2","Control","Nauphoeta cinerea",10,"Unknown",NA,NA,NA,0,0,0,0,0,1,NA,0.0311,NA,NA,NA,NA,NA,NA,NA,NA,0
NA,"rch6","Control","Nauphoeta cinerea",10,"Unknown",NA,NA,NA,2,2,2,2,2,1,NA,0.03,NA,NA,NA,NA,NA,NA,NA,NA,0.2
NA,"rch7","Control","Nauphoeta cinerea",10,"Unknown",NA,NA,NA,0,0,0,0,0,1,NA,0.022,NA,NA,NA,NA,NA,NA,NA,NA,0
NA,"rch8","Control","Nauphoeta cinerea",10,"Unknown",NA,NA,NA,1,1,1,1,1,1,"Brought from store and tested next day",0.024,NA,NA,NA,NA,NA,NA,NA,NA,0.1
NA,"rch9","Control","Nauphoeta cinerea",10,"Unknown",NA,NA,NA,0,0,0,0,0,1,NA,0.0308,NA,NA,NA,NA,NA,NA,NA,NA,0
NA,"zhf1","Lycaenidae","Zizula hylax",10,"Female",NA,"Subtropical",NA,0,3,3,3,5,6,NA,0.0049,NA,NA,NA,NA,NA,NA,NA,NA,0.5
NA,"H2O14","Control","H2O",10,NA,NA,NA,NA,0,0,0,0,0,NA,NA,NA,NA,NA,NA,NA,NA,NA,NA,NA,0
NA,"zhf4","Lycaenidae","Zizula hylax",10,"Female",NA,"Subtropical",NA,0,0,0,0,0,6,NA,0.01,NA,NA,NA,NA,NA,NA,NA,NA,0
NA,"zhf6","Lycaenidae","Zizula hylax",10,"Female",NA,NA,NA,0,1,1,3,7,5,NA,0.007,NA,NA,NA,NA,NA,NA,NA,NA,0.7
NA,"H2O17","Control","H2O",10,NA,NA,NA,NA,0,0,0,0,0,NA,NA,NA,NA,NA,NA,NA,NA,NA,NA,NA,0
NA,"zhm6","Lycaenidae","Zizula hylax",10,"Male",NA,"Subtropical",NA,1,1,9,10,10,5,"scales in liquid",NA,NA,NA,NA,NA,NA,NA,NA,NA,1
NA,"ZO8","Lycaenidae","Zizina otis",10,"Male",NA,NA,NA,0,0,1,2,6,2,NA,0.006,NA,NA,NA,NA,NA,NA,NA,NA,0.6
NA,"H2O4","Control","H2O",10,NA,NA,NA,NA,0,0,0,0,0,NA,NA,NA,NA,NA,NA,NA,NA,NA,NA,NA,0
NA,"zof1","Lycaenidae","Zizina otis",10,"Female",NA,NA,NA,0,1,1,2,3,2,NA,0.00816,NA,NA,NA,NA,NA,NA,NA,NA,0.3
NA,"H2O8","Control","H2O",10,NA,NA,NA,NA,0,0,0,0,0,NA,NA,NA,NA,NA,NA,NA,NA,NA,NA,NA,0
NA,"crt3","Control","Acheta domesticus",10,"Unknown",NA,NA,NA,0,0,0,0,0,1,NA,0.1698,NA,NA,NA,NA,NA,NA,NA,NA,0
NA,"H2O9","Control","H2O",12,NA,NA,NA,NA,0,0,0,0,1,NA,"Brought from store and tested next day/12 daphnia in",NA,NA,NA,NA,NA,NA,NA,NA,NA,0.0833333333333333
NA,"crt5","Control","Acheta domesticus",10,"Unknown",NA,NA,NA,0,0,0,0,2,1,NA,0.1528,NA,NA,NA,NA,NA,NA,NA,NA,0.2
NA,"crt7","Control","Acheta domesticus",10,"Unknown",NA,NA,NA,0,0,0,0,0,1,NA,0.176,NA,NA,NA,NA,NA,NA,NA,NA,0
NA,"crt9","Control","Acheta domesticus",10,"Unknown",NA,NA,NA,0,0,0,0,0,1,NA,0.1123,NA,NA,NA,NA,NA,NA,NA,NA,0
NA,"crt10","Control","Acheta domesticus",10,"Unknown",NA,NA,NA,0,0,0,0,0,1,NA,0.1486,NA,NA,NA,NA,NA,NA,NA,NA,0
NA,"crt2","Control","Acheta domesticus",10,"Unknown",NA,NA,NA,1,1,1,1,1,1,NA,0.136,NA,NA,NA,NA,NA,NA,NA,NA,0.1
NA,"H2O15","Control","H2O",10,NA,NA,NA,NA,0,0,0,0,0,NA,NA,NA,NA,NA,NA,NA,NA,NA,NA,NA,0
NA,"crt4","Control","Acheta domesticus",10,"Unknown",NA,NA,NA,0,0,0,0,0,1,"Brought from store and tested next day",0.14,NA,NA,NA,NA,NA,NA,NA,NA,0
NA,"crt6","Control","Acheta domesticus",10,"Unknown",NA,NA,NA,0,0,0,0,0,1,NA,0.1576,NA,NA,NA,NA,NA,NA,NA,NA,0
NA,"crt8","Control","Acheta domesticus",10,"Unknown",NA,NA,NA,0,0,0,0,0,1,NA,0.1421,NA,NA,NA,NA,NA,NA,NA,NA,0
NA,"H2O10","Control","H2O",10,NA,NA,NA,NA,0,0,0,0,0,NA,NA,NA,NA,NA,NA,NA,NA,NA,NA,NA,0
NA,"H2O11","Control","H2O",10,NA,NA,NA,NA,0,0,0,0,0,NA,NA,NA,NA,NA,NA,NA,NA,NA,NA,NA,0
NA,"H2O12","Control","H2O",10,NA,NA,NA,NA,0,0,0,0,0,NA,NA,NA,NA,NA,NA,NA,NA,NA,NA,NA,0
NA,"H2O13","Control","H2O",10,NA,NA,NA,NA,0,0,0,0,0,NA,NA,NA,NA,NA,NA,NA,NA,NA,NA,NA,0
NA,"met16","Control","Methanol",10,NA,NA,NA,NA,0,0,0,0,0,NA,NA,NA,NA,NA,NA,NA,NA,NA,NA,NA,0
NA,"H2O5","Control","H2O",10,NA,NA,NA,NA,0,0,0,0,0,NA,NA,NA,NA,NA,NA,NA,NA,NA,NA,NA,0
NA,"H2O16","Control","H2O",10,NA,NA,NA,NA,0,0,0,0,0,NA,NA,NA,NA,NA,NA,NA,NA,NA,NA,NA,0
NA,"H2O7","Control","H2O",10,NA,NA,NA,NA,0,0,0,0,0,NA,NA,NA,NA,NA,NA,NA,NA,NA,NA,NA,0
NA,"H2O18","Control","H2O",10,NA,NA,NA,NA,0,0,0,0,0,NA,NA,NA,NA,NA,NA,NA,NA,NA,NA,NA,0
NA,"met2","Control","Methanol",10,NA,NA,NA,NA,0,0,0,0,0,NA,NA,NA,NA,NA,NA,NA,NA,NA,NA,NA,0
NA,"H2O2","Control","H2O",10,NA,NA,NA,NA,0,0,0,0,0,NA,NA,NA,NA,NA,NA,NA,NA,NA,NA,NA,0
NA,"H2O21","Control","H2O",10,NA,NA,NA,NA,0,0,0,0,0,NA,NA,NA,NA,NA,NA,NA,NA,NA,NA,NA,0
NA,"H2O3","Control","H2O",10,NA,NA,NA,NA,0,0,0,0,0,NA,NA,NA,NA,NA,NA,NA,NA,NA,NA,NA,0
NA,"H2O6","Control","H2O",10,NA,NA,NA,NA,0,0,0,0,0,NA,NA,NA,NA,NA,NA,NA,NA,NA,NA,NA,0
NA,"ZOM3","Lycaenidae","Zizina otis",10,"Male",NA,"Temperate",NA,0,0,2,2,2,2,NA,0.008,NA,NA,NA,NA,NA,NA,NA,NA,0.2
NA,"met17","Control","Methanol",10,NA,NA,NA,NA,0,0,0,0,0,NA,NA,NA,NA,NA,NA,NA,NA,NA,NA,NA,0
NA,"met18","Control","Methanol",10,NA,NA,NA,NA,0,0,0,0,0,NA,NA,NA,NA,NA,NA,NA,NA,NA,NA,NA,0
NA,"met10","Control","Methanol",10,NA,NA,NA,NA,0,0,1,1,1,NA,NA,NA,NA,NA,NA,NA,NA,NA,NA,NA,0.1
NA,"rch3","Control","Nauphoeta cinerea",10,"Unknown",NA,NA,NA,0,0,0,0,0,1,NA,0.021,NA,NA,NA,NA,NA,NA,NA,NA,0
NA,"met21","Control","Methanol",10,NA,NA,NA,NA,0,0,0,0,0,NA,NA,NA,NA,NA,NA,NA,NA,NA,NA,NA,0
NA,"met14","Control","Methanol",10,NA,NA,NA,NA,0,0,0,0,0,NA,NA,NA,NA,NA,NA,NA,NA,NA,NA,NA,0
NA,"met12","Control","Methanol",10,NA,NA,NA,NA,0,0,0,0,0,NA,NA,NA,NA,NA,NA,NA,NA,NA,NA,NA,0
NA,"PC1","Lycaenidae","Zizina otis",10,"Female",NA,"Temperate",NA,1,3,8,8,9,2,NA,0.008,NA,NA,NA,NA,NA,NA,NA,NA,0.9
NA,"met13","Control","Methanol",10,NA,NA,NA,NA,0,0,0,0,0,NA,NA,NA,NA,NA,NA,NA,NA,NA,NA,NA,0
NA,"met3","Control","Methanol",10,NA,NA,NA,NA,0,0,0,0,0,NA,NA,NA,NA,NA,NA,NA,NA,NA,NA,NA,0
NA,"met11","Control","Methanol",10,NA,NA,NA,NA,0,0,0,0,0,NA,NA,NA,NA,NA,NA,NA,NA,NA,NA,NA,0
NA,"met5","Control","Methanol",10,NA,NA,NA,NA,0,0,0,0,0,NA,NA,NA,NA,NA,NA,NA,NA,NA,NA,NA,0
NA,"zhm4","Lycaenidae","Zizula hylax",10,"Male",NA,NA,NA,0,4,9,9,10,5,NA,0.005,NA,NA,NA,NA,NA,NA,NA,NA,1
NA,"met15","Control","Methanol",10,NA,NA,NA,NA,0,0,0,0,0,NA,NA,NA,NA,NA,NA,NA,NA,NA,NA,NA,0
NA,"met4","Control","Methanol",10,NA,NA,NA,NA,0,0,0,0,0,NA,NA,NA,NA,NA,NA,NA,NA,NA,NA,NA,0
NA,"rch5","Control","Nauphoeta cinerea",10,"Unknown",NA,NA,NA,0,0,0,0,0,1,"on timing 2 & 3 there was a dead one, but was very alive last time",0.0258,NA,NA,NA,NA,NA,NA,NA,NA,0
NA,"rch4","Control","Nauphoeta cinerea",10,"Unknown",NA,NA,NA,0,0,0,0,0,1,NA,0.019,NA,NA,NA,NA,NA,NA,NA,NA,0
